"number","title","state","html_url","author","assignees","scope_basis","labels","milestone","created_at","updated_at","closed_at","workstream","acceptance_criteria","code_evidence","canonical_issue","dependencies","tests_required","disposition","audit_status","related_pull_requests","latest_pr_commit","latest_pr_checks","live_state_verified_at"
"8","Restructure/Reorganize Monorepo","closed","https://github.com/gameguild-gg/gameguild/issues/8","mathrmartins","mathrmartins","authored and assigned","enhancement","[V1] Content Management System - Proof of Concept - Courses","01/04/2024 15:33:53","29/09/2026 01:12:44","13/05/2025 14:39:17","Repository structure","Title-only request to restructure/reorganize the monorepo; the author closed it on 2025-05-13 saying substantial changes had been made on the gameguild-gg/website carnival branch. No detailed acceptance checklist was recorded.","Current repository root has game-guild.sln plus apps/api, apps/web, packages/, tools/, demos/, and docs/. This shows the reorganized multi-application/package layout exists; scope is historical and underspecified.","None identified","None identified","No behavioral test was defined; verify the repository boundaries exist.","Resolved historically; keep closed. Current app/package/tool organization satisfies the title-level request; no specific unmet criterion is identifiable.","Audited against the current tree and 2025-05-13 closure comment; acceptance inferred because the issue body is empty. GitHub evidence: https://github.com/gameguild-gg/gameguild/issues/8#issuecomment-5881731120","","","","2026-10-03 13:53:32 UTC"
"9","Organize the projects into ""packages"" and ""services""","closed","https://github.com/gameguild-gg/gameguild/issues/9","mathrmartins","mathrmartins","authored and assigned","enhancement","[V1] Content Management System - Proof of Concept - Courses","01/04/2024 15:34:08","29/09/2026 01:12:44","13/01/2025 14:52:50","Repository structure","Title-only request to organize projects into packages and services; the owner closed it with the comment “done” on 2025-01-13.","apps/api and apps/web contain deployable applications; packages/ contains reusable feature, infrastructure, and tooling modules; API modules are under apps/api/Source/Modules.","None identified","None identified","No behavior test was defined; inspect the application/package boundaries.","Implemented; keep closed. The current apps/ and packages/ layout matches the request and the owner marked it done; no follow-on gap is specified.","Audited against the current tree, empty issue body, and closure comment; acceptance inferred from the title. GitHub evidence: https://github.com/gameguild-gg/gameguild/issues/9#issuecomment-5881731129","","","","2026-10-03 13:53:32 UTC"
"10","Restructure/Reorganize the backend boilerplate (Nest.js)","closed","https://github.com/gameguild-gg/gameguild/issues/10","mathrmartins","mathrmartins","authored and assigned","back-end","[V2] Content Management System - MVP - Payment","01/04/2024 15:34:25","25/09/2026 16:23:12","01/07/2024 20:16:17","Backend architecture","Create or restructure the backend boilerplate using Nest.js; the issue body is empty and records no further acceptance criteria.","Current backend solution is apps/api/GameGuild.sln, with host apps/api/Source/GameGuild.API and modules under apps/api/Source/Modules. The author’s 2026-09-25 issue comment explicitly says this .NET architecture supersedes the Nest.js proposal.","None identified","Current .NET backend architecture decision","No Nest.js implementation test is applicable after the architecture decision; current API project structure inspected.","Obsolete; keep closed. The product uses modular .NET, and the owner documented that this supersedes the Nest.js request.","Audited against current backend paths and the 2026-09-25 closeout comment. GitHub evidence: https://github.com/gameguild-gg/gameguild/issues/10#issuecomment-5835743821","","","","2026-10-03 13:53:32 UTC"
"12","Restructure/Reorganize the frontend boilerplate (Next.js)","closed","https://github.com/gameguild-gg/gameguild/issues/12","mathrmartins","mathrmartins","authored and assigned","enhancement","[V2] Content Management System - MVP - Payment","01/04/2024 15:34:33","29/09/2026 01:12:44","13/05/2025 14:41:02","Frontend architecture","Title-only request to restructure/reorganize the frontend boilerplate on Next.js; the owner marked the broader frontend changes done on 2025-05-13.","apps/web/package.json defines Next.js dev/build/start scripts; apps/web/next.config.ts and apps/web/Dockerfile are present.","None identified","None identified","No remaining migration criterion is specified; verify the Next.js app configuration and package scripts.","Implemented; keep closed. The current Next.js app structure and owner closure comment support the title-level request.","Audited against the current frontend package and closure comment; acceptance inferred from title. GitHub evidence: https://github.com/gameguild-gg/gameguild/issues/12#issuecomment-5881731141","","","","2026-10-03 13:53:32 UTC"
"13","Configure Dockerfiles","closed","https://github.com/gameguild-gg/gameguild/issues/13","mathrmartins","tolstenko; mathrmartins","authored and assigned","enhancement","[V1] Content Management System - Proof of Concept - Courses","01/04/2024 15:34:39","29/09/2026 01:12:44","13/01/2025 14:50:21","Containerization","Title-only request to configure Dockerfiles; the issue body is empty. The owner linked this issue to #72 and closed it in favor of that issue.","apps/api/Dockerfile and apps/web/Dockerfile are present. The API image built successfully as gameguild-api-issue13-audit; the Web image built successfully as gameguild-web-issue13-audit using a temporary BuildKit secret. The owner’s issue comment links #13 to #72.","#72","Issue #72, already closed","Build the API and Web Docker images.","Implemented and consolidated with #72; keep closed. Both current application Dockerfiles built successfully.","Audited: both Docker image builds passed locally on 2026-09-28; owner’s #72 consolidation comment verified. GitHub evidence: https://github.com/gameguild-gg/gameguild/issues/13#issuecomment-5881731156","","","","2026-10-03 13:53:32 UTC"
"14","Implement the error page","closed","https://github.com/gameguild-gg/gameguild/issues/14","mathrmartins","mathrmartins","authored and assigned","enhancement; released","[V1] Content Management System - Proof of Concept - Courses","01/04/2024 15:34:59","23/04/2026 01:53:02","01/02/2025 02:48:54","Frontend reliability","Issue has no body or checklist; title-level scope is to provide a user-facing route error page.","Current app includes route-level error boundaries such as apps/web/src/app/[locale]/(legal)/error.tsx and apps/web/src/app/[locale]/learn/error.tsx. They display an error state/message and expose a retry callback; several course and dashboard routes also have error.tsx boundaries. GitHub release comments reference website v1.12.1 and GameGuild v3.0.0.","None identified; #14 is route-level error UI and #15 is global fallback.","None identified.","The issue has no test acceptance criteria. No focused error-boundary test was found; the existing not-found test covers 404 UI, not thrown-error recovery.","Keep closed. The current application has route-level error UI with retry, and the original title-only issue has no remaining concrete acceptance criterion.","Verified against current route error components and historical release comments. Test coverage gap is recorded; no unmet product behavior can be inferred from the empty issue body.","https://github.com/gameguild-gg/gameguild/issues/14","","","2026-10-03 13:53:32 UTC"
"15","Implement the global error page","closed","https://github.com/gameguild-gg/gameguild/issues/15","mathrmartins","mathrmartins","authored and assigned","enhancement; released","[V1] Content Management System - Proof of Concept - Courses","01/04/2024 15:35:03","23/04/2026 01:53:04","01/02/2025 02:48:54","Frontend reliability","Issue has no body or checklist; title-level scope is to provide a global application error page.","apps/web/src/app/global-error.tsx renders a global fallback with an error message, optional digest, retry action calling reset, and a home action. GitHub release comments reference website v1.12.1 and GameGuild v3.0.0.","None identified; #15 is the global fallback, complementary to route-level #14.","None identified.","The issue has no test acceptance criteria. No focused global-error test was found; the existing not-found test covers a separate route.","Keep closed. The current app has a root global error boundary with recovery actions, and the original title-only issue has no remaining concrete acceptance criterion.","Verified against apps/web/src/app/global-error.tsx and historical release comments. Test coverage gap is recorded; no unmet product behavior can be inferred from the empty issue body.","https://github.com/gameguild-gg/gameguild/issues/15","","","2026-10-03 13:53:32 UTC"
"16","Implement Torus integration","closed","https://github.com/gameguild-gg/gameguild/issues/16","mathrmartins","tolstenko; mathrmartins","authored and assigned","good first issue; front-end; web3","[V2] Content Management System - MVP - Payment","01/04/2024 15:35:06","26/09/2026 10:20:51","26/09/2026 10:20:47","Authentication / Web3 wallet provider integration","The issue body is empty. The owner closed it as a duplicate of #291 and explicitly scoped the Torus adapter to verification under the canonical wallet-authentication issue.","Canonical #291 includes EIP-1193-compatible wallets. Its implementation remains open; no Torus adapter implementation is verified yet.","#291","#291 wallet-authentication implementation; Torus provider adapter","No separate duplicate-specific tests. The canonical issue must verify challenge, signature verification, and session issuance through a Torus/EIP-1193 provider.","Duplicate of #291; keep closed for tracking consolidation only. Torus wallet support remains unimplemented until #291 acceptance is met.","Audited; duplicate relationship and owner rationale verified live at https://github.com/gameguild-gg/gameguild/issues/16#issuecomment-5845433805. Canonical implementation remains incomplete.","","","","2026-10-03 13:53:32 UTC"
"17","Implement TrustWallet integration","closed","https://github.com/gameguild-gg/gameguild/issues/17","mathrmartins","tolstenko","authored","front-end; web3","[V2] Content Management System - MVP - Payment","01/04/2024 15:35:11","26/09/2026 10:20:53","26/09/2026 10:20:49","Authentication / Web3 wallet provider integration","The issue body is empty. The owner closed it as a duplicate of #291; that issue explicitly lists Trust Wallet and EIP-1193-compatible providers.","Canonical #291 names Trust Wallet among supported wallets and supports generic EIP-1193 providers. The canonical issue remains open, so implementation is not verified.","#291","#291 wallet-authentication implementation; Trust Wallet provider","No separate duplicate-specific tests. The canonical issue must verify challenge, signature verification, and session issuance using Trust Wallet or an equivalent EIP-1193 provider.","Duplicate of #291; keep closed for tracking consolidation only. Trust Wallet support remains unimplemented until #291 acceptance is met.","Audited; duplicate relationship and owner rationale verified live at https://github.com/gameguild-gg/gameguild/issues/17#issuecomment-5845434197. Canonical implementation remains incomplete.","","","","2026-10-03 13:53:32 UTC"
"18","Implement WalletConnect integration","closed","https://github.com/gameguild-gg/gameguild/issues/18","mathrmartins","","authored","front-end; web3; Stale","[V2] Content Management System - MVP - Payment","01/04/2024 15:35:13","25/09/2026 16:26:05","19/10/2025 03:04:26","Authentication / Web3 wallet provider integration","The issue body is empty. The owner consolidated this historical request under #291, which explicitly includes WalletConnect integration.","Canonical #291 includes WalletConnect in its supported-wallet scope, but remains open; no completed WalletConnect login flow is verified.","#291","#291 wallet-authentication implementation; WalletConnect provider","No separate duplicate-specific tests. The canonical issue must verify challenge, signature verification, and session issuance through WalletConnect.","Covered duplicate of #291; keep closed for tracking consolidation. WalletConnect authentication remains unimplemented until #291 acceptance is met.","Audited; owner rationale verified live at https://github.com/gameguild-gg/gameguild/issues/18#issuecomment-5835782468. Canonical implementation remains incomplete.","","","","2026-10-03 13:53:32 UTC"
"19","UI/UX Design for the Website","closed","https://github.com/gameguild-gg/gameguild/issues/19","mathrmartins","tolstenko; mathrmartins","authored and assigned","documentation; enhancement","[V1] Content Management System - Proof of Concept - Courses","01/04/2024 15:35:17","13/05/2025 14:47:07","13/05/2025 14:47:02","Website UI/UX design","Title-only request with no design brief or acceptance checklist. The maintainer closed it stating their design version was done and published.","The localized web application imports the shared UI globals at apps/web/src/styles/globals.css; packages/ui/src/styles/globals.css defines shared color, typography, and radius tokens, and packages/ui/src/components contains the reusable component set. These are current UI foundations, not proof of an undocumented design specification.","None identified","None identified","No behavior tests or visual acceptance criteria were defined; the owner said the design was completed and published.","Resolved historically; keep closed based on the maintainer's completion statement and the current shared UI foundation. No verifiable unmet requirement is recorded.","Audited against the owner closeout comment and current UI package integration. GitHub evidence: https://github.com/gameguild-gg/gameguild/issues/19#issuecomment-2876830147; source: apps/web/src/styles/globals.css and packages/ui/src/styles/globals.css.","","","","2026-10-03 13:53:32 UTC"
"20","Create the Design System","closed","https://github.com/gameguild-gg/gameguild/issues/20","mathrmartins","mathrmartins","authored and assigned","front-end; design-&-marketing","[V1] Content Management System - Proof of Concept - Courses","01/04/2024 15:35:24","13/05/2025 14:59:56","11/05/2025 03:05:01","Design system","Title-only request with no token, component, governance, platform, or adoption criteria. The maintainer closed it as not planned, citing specialist effort and the current delivery priorities.","The repository has a shared UI package with color, typography, and radius tokens plus reusable components imported by the web application. This is evidence of existing shared primitives only; it does not prove completion of an unspecified full design system.","None identified","None identified","No test can establish the requested design system without concrete design and adoption acceptance criteria.","Not planned; keep closed under the maintainer's explicit priority decision. Reopen only with a scoped, verifiable design-system request.","Audited against the NOT_PLANNED state, maintainer rationale, and current shared UI package. GitHub evidence: https://github.com/gameguild-gg/gameguild/issues/20#issuecomment-2876881697; source: apps/web/src/styles/globals.css and packages/ui/src/styles/globals.css.","","","","2026-10-03 13:53:32 UTC"
"21","Implementation of the User Profile page","closed","https://github.com/gameguild-gg/gameguild/issues/21","mathrmartins","tolstenko","authored","front-end; design-&-marketing; full-stack; Stale","[V2] Content Management System - MVP - Payment","01/04/2024 15:35:27","26/09/2026 09:30:57","18/10/2025 02:41:48","User profile experience","Title-only request to implement a user profile page; no field, workflow, or design acceptance checklist is specified.","The profile settings page loads account and profile data into ProfileForm; the public profile route loads profiles by handle and renders SocialProfileView with posts/projects. The existing SocialProfileView test suite covers metrics, following, persisted posts/projects, routes, and empty states; 4/4 tests passed. No dedicated profile-settings page test was found.","None identified","None identified","Verify the editor and public profile. Current SocialProfileView tests pass 4/4; inspect the profile settings page and form because no dedicated page test exists.","The owner closed this NOT_PLANNED title-level issue and recorded current profile editor/public rendering plus focused test evidence. Keep closed; do not infer unspecified redesign or profile fields.","Audited current profile settings and public profile route source; focused SocialProfileView tests passed 4/4. Owner evidence: https://github.com/gameguild-gg/gameguild/issues/21#issuecomment-5845056848.","","","","2026-10-03 13:53:32 UTC"
"22","Implementation of the Courses pages","closed","https://github.com/gameguild-gg/gameguild/issues/22","mathrmartins","","authored","front-end; design-&-marketing; full-stack","[V1] Content Management System - Proof of Concept - Courses","01/04/2024 15:35:30","19/01/2025 18:09:59","13/01/2025 14:47:41","Course storefront UI","Title-only course-pages request. The maintainer closed it in favor of #52, the broader CMS/course management issue.","Current localized public courses page renders a branded storefront, catalog, course counts, and enrollment state. Its focused page test passed as part of the 4-file/12-test verification batch. #52 separately tracks CMS capabilities and is closed; this row does not claim its full scope is implemented.","#52","#52 course-management/CMS tracking","Verify the public courses page and catalog rendering; focused current course-page tests passed 4/4.","Duplicate/covered subset of #52; keep closed for the course-page UI scope. Audit #52 separately for remaining CMS requirements.","Audited against maintainer closure rationale and current course page/test. GitHub evidence: https://github.com/gameguild-gg/gameguild/issues/22#issuecomment-2587305232; canonical frontend evidence: https://github.com/gameguild-gg/gameguild/issues/52#issuecomment-2587295233.","","","","2026-10-03 13:53:32 UTC"
"23","Implement the layout for the authentication-related pages","closed","https://github.com/gameguild-gg/gameguild/issues/23","mathrmartins","mathrmartins","authored and assigned","enhancement","[V1] Content Management System - Proof of Concept - Courses","01/04/2024 15:35:33","26/09/2026 09:30:58","01/07/2024 19:52:08","Authentication UI","Title-only request to provide a shared layout for authentication pages; no further acceptance checklist is recorded.","The localized auth layout renders the branded GameGuild logo, shared centered frame, terms and privacy links, and its route group contains current sign-in and sign-up pages. Focused sign-in and sign-up page tests passed 4/4 in the current batch.","None identified","Current localized auth route group and forms","Verify the shared auth frame and entry pages; current focused sign-in/sign-up tests passed 4/4.","Implemented at title-level; keep closed. The maintained auth layout and entry routes are present and tested.","Audited current auth layout and pages; 4/4 focused sign-in/sign-up tests passed. Owner closeout evidence: https://github.com/gameguild-gg/gameguild/issues/23#issuecomment-5845057004.","","","","2026-10-03 13:53:32 UTC"
"24","UI/UX Design for the Courses pages","closed","https://github.com/gameguild-gg/gameguild/issues/24","mathrmartins","alec-o-mago","authored","good first issue; help wanted; front-end; design-&-marketing","[V1] Content Management System - Proof of Concept - Courses","01/04/2024 15:35:36","19/01/2025 18:10:18","13/01/2025 14:49:05","Course storefront UI","Title-only design request for the course pages. The maintainer closed it in favor of #52, the broader CMS/course management issue.","Current localized public courses page renders the storefront and catalog; its focused page tests passed 4/4. The old design request supplies no separate design artifact or acceptance checklist. #52 remains the canonical course/CMS tracker and requires its own audit.","#52","#52 course-management/CMS tracking","Verify the current public course page and test; do not infer missing CMS/back-office behavior from this UI issue.","Duplicate/covered subset of #52; keep closed for the course page design scope. Audit #52 independently.","Audited against maintainer closure rationale and current course page/test. GitHub evidence: https://github.com/gameguild-gg/gameguild/issues/24#issuecomment-2587309077; canonical frontend evidence: https://github.com/gameguild-gg/gameguild/issues/52#issuecomment-2587295233.","","","","2026-10-03 13:53:32 UTC"
"25","UI/UX Design for the User Profile page","closed","https://github.com/gameguild-gg/gameguild/issues/25","mathrmartins","","authored","front-end; design-&-marketing","[V1] Content Management System - Proof of Concept - Courses","01/04/2024 15:35:39","26/09/2026 09:31:00","13/05/2025 15:03:18","Profile redesign scope","No design brief, linked artifact, workflow, or acceptance checklist exists. The existing closeout says to close now and redesign later; the owner explicitly says to reopen only with concrete scope.","The profile settings editor and public profile route exist, but they do not define the requested redesign target or missing behavior. No completion claim is made for an unspecified redesign.","None identified","None identified","No test can establish an unspecified redesign. Reopen only after defining a design reference, required workflows, responsive/accessibility criteria, and acceptance checks.","Non-actionable; keep closed under the owner-authored closeout. Reopen with a concrete design brief and verifiable acceptance criteria.","Audited against the owner's explicit non-actionable closeout comment. GitHub evidence: https://github.com/gameguild-gg/gameguild/issues/25#issuecomment-5845057206.","","","","2026-10-03 13:53:32 UTC"
"26","Design the Sign-Up page","closed","https://github.com/gameguild-gg/gameguild/issues/26","mathrmartins","mathrmartins","authored and assigned","documentation; enhancement","[V1] Content Management System - Proof of Concept - Courses","01/04/2024 15:35:42","26/09/2026 09:31:01","28/06/2024 18:16:42","Authentication UI","Title-only design request for a standalone sign-up page; no further visual acceptance criteria are recorded.","The old standalone page concept was reworked into the current localized auth flow. The sign-up route renders SignupForm, Google sign-up, one-tap prompt, and error notice; its focused page test passed 2/2.","None identified","Current localized auth route group and forms","Verify the current sign-up route and its auth/error states; focused page tests passed 2/2.","Superseded by the current integrated sign-up flow; keep closed. The route and focused tests exist, and no separate design requirement remains verifiable.","Audited current sign-up route/test and the maintainer's 2024 flow rework note. Owner evidence: https://github.com/gameguild-gg/gameguild/issues/26#issuecomment-5845057356.","","","","2026-10-03 13:53:32 UTC"
"27","Implement the Sign-In page","closed","https://github.com/gameguild-gg/gameguild/issues/27","mathrmartins","mathrmartins","authored and assigned","enhancement","[V1] Content Management System - Proof of Concept - Courses","01/04/2024 15:35:49","26/09/2026 09:31:02","01/07/2024 19:46:07","Authentication UI","Title-only request to implement the sign-in page; no extra acceptance criteria are recorded.","Current localized sign-in route renders SignInForm, Google/Discord provider controls, one-tap, and error handling. The focused page test passed 2/2; the maintainer previously marked it done.","None identified","Current localized auth route group and forms","Verify sign-in form, provider links, and error state; focused page tests passed 2/2.","Implemented at title-level; keep closed. The current sign-in route and focused tests exist.","Audited current sign-in route/test and prior maintainer completion comment. Owner evidence: https://github.com/gameguild-gg/gameguild/issues/27#issuecomment-5845057512.","","","","2026-10-03 13:53:32 UTC"
"28","Implement the 404 error page","closed","https://github.com/gameguild-gg/gameguild/issues/28","mathrmartins","migmoroni; mathrmartins","authored and assigned","enhancement","[V1] Content Management System - Proof of Concept - Courses","01/04/2024 15:35:55","30/09/2026 19:24:33","29/09/2026 16:55:25","Web experience","Issue owner clarified: responsive, branded 404 using shared tokens and recovery copy; one accessible h1 and a named navigation landmark with visible keyboard focus; locale-aware home and course links; focused tests for heading, landmark, and destinations.","PR #596 head 52b2fcee2 ports the localized 404 implementation onto current develop: responsive GameGuild branding, accessible heading and navigation landmark, visible focus, and locale-aware home/course links. Focused tests passed 2/2. Earlier PR #592 was closed as superseded.","None identified","Uses the existing localized route, next-intl navigation wrapper, and shared Button tokens.","Focused assertions for the accessible heading, named navigation landmark, locale-aware destinations, visible focus, and Web Verify. Focused tests passed 2/2; Web Verify and PR Required Gate passed on PR #596.","Implemented and merged to develop by PR #596; keep closed. PR #592 was closed as superseded by the clean develop-based port.","Current GitHub state verified: issue closed 2026-09-29T16:55:25Z after PR #596 merged to develop at 16:55:23Z. Focused tests 2/2; Web Verify and PR Required Gate passed. PR #592 is closed as superseded.","https://github.com/gameguild-gg/gameguild/pull/596; https://github.com/gameguild-gg/gameguild/pull/592 (superseded)","52b2fcee2b646019613c15727576c18bae92470b","PR #596: Web Verify, PR Required Gate, Codacy, CodeQL, repository policy, hygiene, classification, greeting, and NuGet passed; API, OpenAPI, migration, economy, and Testing Lab checks were skipped by workflow conditions. Merged to develop.","2026-10-03 13:53:32 UTC"
"29","Implement the Sign-in with Google","open","https://github.com/gameguild-gg/gameguild/issues/29","mathrmartins","mathrmartins","authored and assigned","enhancement","[V1] Content Management System - Proof of Concept - Courses","01/04/2024 15:36:00","26/09/2026 09:31:08","","Untriaged","Pending issue review","Pending code review","Undetermined","Undetermined","Pending requirements review","Undetermined","Not reviewed","","","","2026-10-03 13:53:32 UTC"
"30","Implement Web3 authentication with SIWE standard","closed","https://github.com/gameguild-gg/gameguild/issues/30","mathrmartins","tolstenko; mathrmartins","authored and assigned","enhancement","[V2] Content Management System - MVP - Payment","01/04/2024 15:36:05","30/09/2026 19:27:11","29/09/2026 16:43:54","Authentication and identity","The issue body is empty. The owner clarification comment requires SIWE/ERC-4361: validate the complete signed message, configured domain/URI, version, allowed chain, nonce, issued-at and expiry, and signature before issuing a session.","PR #597 head ac163de97 implements the clarified SIWE/ERC-4361 acceptance: validates domain/URI, version, allowed chain, nonce, issued-at/expiry, and EIP-191 signature before issuing a session. Durable wallet/account linking remains tracked by #291. Authentication tests passed 1,753/1,753 and focused SIWE tests 12/12.","","Host-configured SIWE origin and allowed chains. Browser wallet connection and durable wallet/account linking are tracked by canonical Web3 issue #291.","Validate complete SIWE message and reject invalid origin, chain, nonce, time window, signature, and replay. Authentication tests passed 1,753/1,753; focused Web3ServiceSiweTests passed 12/12. PR #597 API Verify, Web Verify, OpenAPI consistency, and PR Required Gate passed.","SIWE authentication implemented and merged to develop by PR #597; keep closed. Durable wallet/account linking is tracked separately by #291. PR #587 was closed as superseded.","Current GitHub state verified: issue closed 2026-09-29T16:43:54Z after PR #597 merged to develop at 16:43:52Z. Authentication tests 1,753/1,753; focused SIWE tests 12/12; required API, Web, OpenAPI, and PR gates passed. Earlier PR #587 is closed as superseded.","https://github.com/gameguild-gg/gameguild/pull/597; https://github.com/gameguild-gg/gameguild/pull/587 (superseded)","ac163de97026c706bf92ee688577e861ecc14f8f","PR #597 API Verify, Web Verify, OpenAPI client consistency, PR Required Gate, Codacy, CodeQL, repository policy, hygiene, classification, greeting, and NuGet passed; migration, economy, and Testing Lab checks were skipped by workflow conditions. Merged to develop.","2026-10-03 13:53:32 UTC"
"31","Organize the UI components (Design System) into a ""package"" for use in different frontends","closed","https://github.com/gameguild-gg/gameguild/issues/31","mathrmartins","mathrmartins","authored and assigned","enhancement","[V1] Content Management System - Proof of Concept - Courses","01/04/2024 15:36:10","26/09/2026 09:31:03","01/07/2024 19:36:57","Shared UI package and design system","Title-only request: organize reusable UI components/design-system styles into a package that can be consumed by multiple frontends. The maintainer said the basic components were done; the owner added closeout evidence on 2026-09-26.","Current develop contains packages/ui/package.json, src/index.ts, reusable component modules, and styles/globals.css. apps/web/package.json depends on @game-guild/ui as a workspace package; apps/web imports components and shared styles from it. The owner closeout comment states this matches the title-level request: https://github.com/gameguild-gg/gameguild/issues/31#issuecomment-5845057651. The maintainer previously recorded that the basic components were done: https://github.com/gameguild-gg/gameguild/issues/31#issuecomment-2200884193.","None identified","None identified for the title-level package organization request.","No behavioral acceptance criteria are stated; verify package manifest/exports and cross-frontend workspace consumption.","Completed at title level and keep closed. The reusable @game-guild/ui package and its current apps/web consumer satisfy the request; this does not claim that every future design-system component is complete.","Independent review complete against the maintainer closeout comment, owner evidence comment, current develop package files, exports, and apps/web imports.","","","","2026-10-03 13:53:32 UTC"
"32","Create packages for custom configurations of Typescript, Prettier, ESLint, Jest","closed","https://github.com/gameguild-gg/gameguild/issues/32","mathrmartins","mathrmartins","authored and assigned","enhancement","[V1] Content Management System - Proof of Concept - Courses","01/04/2024 15:36:19","26/09/2026 09:31:05","01/07/2024 19:35:45","Shared tooling configuration","Title-only request: create reusable workspace packages for TypeScript, Prettier, ESLint, and Jest configuration. The issue body is empty; the maintainer said it was almost done and closed it, and the owner later recorded closeout evidence.","Current develop contains packages/tooling/typescript, prettier, eslint, and jest, each with package manifests and configuration entrypoints. Root package.json references @game-guild/typescript-config, @game-guild/prettier-config, and @game-guild/eslint-config; the Jest config package remains available. apps/web now uses Vitest, a later runner migration rather than removal of the requested Jest package. Owner evidence: https://github.com/gameguild-gg/gameguild/issues/32#issuecomment-5845057817.","None identified","None identified for the title-level request.","No behavior is specified; verify the four workspace package manifests/config entrypoints and workspace references.","Implemented at title level and keep closed. The four requested shared configuration packages exist; current use of Vitest in apps/web is a later migration and does not remove the Jest config package.","Independent review complete against current develop package manifests/config entrypoints, root package references, maintainer closure comment, and owner closeout comment.","","","","2026-10-03 13:53:32 UTC"
"33","Implement the dynamic generation of the web application manifest","closed","https://github.com/gameguild-gg/gameguild/issues/33","mathrmartins","mathrmartins","authored and assigned","enhancement; released","[V1] Content Management System - Proof of Concept - Courses","01/04/2024 15:36:31","26/09/2026 09:31:06","13/05/2025 15:13:33","Web metadata and SEO routes","Title-only request; issue body is empty. Dynamically generate the web application manifest with install metadata and icon configuration.","Current develop contains apps/web/src/app/manifest.ts, an async Next.js MetadataRoute.Manifest generator returning name, short name, description, start URL, display mode, theme/background colors, and icon configuration. The owner recorded that a focused manifest test passed in the 11-test web verification batch: https://github.com/gameguild-gg/gameguild/issues/33#issuecomment-5845058029. A matching persistent manifest-specific test file was not found in the current web tree. The issue also has release-bot resolution comments for v1.20.0 and v3.0.0.","None identified","Next.js metadata route and configured public app metadata.","Historical owner comment records focused manifest test success; current matching route-test source was not found. No additional behavior is specified by the empty issue body.","Implemented at title level and keep closed. The route dynamically generates the requested manifest; historical focused test evidence is recorded, with no current matching test file found.","Independent source and issue-history review complete against current develop manifest route, release-bot comments, owner test note, and GitHub closed state.","","","","2026-10-03 13:53:32 UTC"
"34","Design the Sign-In page","closed","https://github.com/gameguild-gg/gameguild/issues/34","mathrmartins","mathrmartins","authored and assigned","documentation; enhancement","[V1] Content Management System - Proof of Concept - Courses","01/04/2024 15:36:34","26/09/2026 09:59:30","19/01/2025 18:17:17","Web authentication entry flows","Title-only request; the issue body is empty. Provide a sign-in page; the closure comment asks for a more specific issue if any design requirement remains.","Current develop contains the localized sign-in route and form under apps/web/src/app/[locale]/(auth)/sign-in, with page.test.tsx. The owner recorded that the current credential/provider entry points and focused route test satisfy the original title: https://github.com/gameguild-gg/gameguild/issues/34#issuecomment-5845289649. The maintainer had already confirmed it was done and requested a more specific issue for any remaining design work.","None identified","Current localized authentication route and form.","Current sign-in page route test; owner reported the focused web test passed.","Implemented at title level; keep closed. No design brief or unmet criterion is recorded.","Independent review complete against current localized route/test, owner test note, and maintainer closeout comment.","","","","2026-10-03 13:53:32 UTC"
"35","Implement dynamic generation of the robots.txt","closed","https://github.com/gameguild-gg/gameguild/issues/35","mathrmartins","mathrmartins","authored and assigned","enhancement; released","[V1] Content Management System - Proof of Concept - Courses","01/04/2024 15:36:38","26/09/2026 09:59:32","13/05/2025 15:17:23","Web metadata and SEO routes","Title-only request; issue body is empty. Generate robots.txt from current public app configuration with useful crawling rules and a sitemap URL.","Current develop contains apps/web/src/app/robots.ts. It reads NEXT_PUBLIC_APP_URL with a production fallback, allows public routes, disallows /api/ and /dashboard/, and returns the sitemap.xml URL. The owner recorded that the focused robots test passed 1/1: https://github.com/gameguild-gg/gameguild/issues/35#issuecomment-5845289886. A matching persistent robots-specific test file was not found in the current web tree. Release-bot history links the issue to website versions v1.20.0 and v3.0.0.","None identified","NEXT_PUBLIC_APP_URL configuration; Next.js metadata route.","Historical owner comment records focused robots test 1/1; current matching route-test source was not found. No additional behavior is specified by the empty issue body.","Implemented at title level and keep closed. Current robots route has environment-derived sitemap URL and the recorded allow/disallow rules; historic test evidence is retained in the owner comment.","Independent source and issue-history review complete against current develop robots route, owner test note, release-bot comments, and GitHub closed state.","","","","2026-10-03 13:53:32 UTC"
"36","Implement the dynamic metadata generation","closed","https://github.com/gameguild-gg/gameguild/issues/36","mathrmartins","tolstenko","authored","enhancement","[V1] Content Management System - Proof of Concept - Courses","01/04/2024 15:36:43","30/09/2026 16:33:01","30/09/2026 16:33:01","Web course metadata","Generate course-specific metadata from the current public course record; share a five-minute slug-keyed lookup with the course page; verify rendered metadata and cache behavior in a configured preview before closure.","PR #622 merged the five-minute slug-keyed public course cache shared by the page and generateMetadata. PR #625 merged the rendered title fix and focused metadata test: apps/web/src/app/[locale]/(public)/courses/[course]/page.tsx and page.metadata.test.tsx. Both are on develop.","None identified","None outstanding; local configured course API preview completed.","Focused metadata/cache Vitest tests 4/4 passed; local Next route rendered dynamic title, description and Open Graph tags and verified slug isolation and five-minute cache revalidation; PR #625 Web verify passed lint, typecheck, tests and production build.","Completed and closed on 2026-09-30 after rendered preview verification.","Implementation and acceptance verified; GitHub closeout evidence: https://github.com/gameguild-gg/gameguild/issues/36#issuecomment-5915468316. Preview used a controlled local course API response, not production course data.","https://github.com/gameguild-gg/gameguild/pull/622; https://github.com/gameguild-gg/gameguild/pull/625","87435e71f50f12d83be212a5117cf9634f0244e7","Web verify: passed; CodeQL: passed; Codacy: passed; repository policy: passed","2026-10-03 13:53:32 UTC"
"37","Implement the dynamic sitemap generation","closed","https://github.com/gameguild-gg/gameguild/issues/37","mathrmartins","mathrmartins","authored and assigned","enhancement; Stale","[V1] Content Management System - Proof of Concept - Courses","01/04/2024 15:36:47","26/09/2026 09:59:34","17/10/2025 02:48:50","Web metadata and SEO routes","Title-only request; issue body is empty. Generate a sitemap dynamically from current static and public content routes.","Current develop contains async apps/web/src/app/sitemap.ts. It combines static routes, public courses, published projects, public program packages, and canonical published blog URLs; project/blog service failures degrade to empty results. The owner recorded focused sitemap tests 3/3 including service-failure behavior: https://github.com/gameguild-gg/gameguild/issues/37#issuecomment-5845290119. A matching persistent route-test file was not found in the current web tree. GitHub originally closed the issue as inactive on 2025-10-17; current source and owner closeout evidence support the title-level completion.","None identified","Public course catalog, published project, public program package, and blog query services.","Historical owner comment records focused sitemap tests 3/3, including service-failure behavior; current matching route-test source was not found. No further behavior is specified by the empty issue body.","Implemented at title level and keep closed based on current source and the owner closeout evidence; the earlier bot closure for inactivity alone would not establish completion.","Independent current-source and issue-history review complete; async route sources, dynamic public content inputs, failure behavior, owner test note, and historical inactivity closure were checked.","","","","2026-10-03 13:53:32 UTC"
"38","Implement a React Context for integration with Web3 wallet","closed","https://github.com/gameguild-gg/gameguild/issues/38","mathrmartins","mathrmartins","authored and assigned","enhancement","[V2] Content Management System - MVP - Payment","01/04/2024 15:36:51","25/09/2026 16:26:08","10/01/2025 14:32:48","Authentication / Web3 wallet provider integration","The issue body is empty. The owner consolidated it under #291 and states that a React context is an implementation detail of the canonical wallet connection flow.","#291 remains open and owns the wallet connection flow. No separate React context implementation was verified in this issue audit.","#291","#291 wallet-authentication implementation; frontend wallet connection","No separate duplicate-specific tests. Verify the React provider/context only as part of the canonical wallet connection acceptance in #291.","Covered duplicate of #291; keep closed. This does not establish that the canonical wallet flow is implemented.","Audited; owner rationale verified live at https://github.com/gameguild-gg/gameguild/issues/38#issuecomment-5835782951. Canonical implementation remains incomplete.","","","","2026-10-03 13:53:32 UTC"
"39","Implement Metamask integration","closed","https://github.com/gameguild-gg/gameguild/issues/39","mathrmartins","tolstenko; mathrmartins","authored and assigned","enhancement","[V2] Content Management System - MVP - Payment","01/04/2024 15:36:58","25/09/2026 16:26:12","01/07/2024 20:24:21","Authentication / Web3 wallet provider integration","The issue body is empty. The owner consolidated MetaMask authentication under #291, which explicitly includes MetaMask integration.","Canonical #291 lists MetaMask in its supported-wallet scope but remains open; no completed MetaMask login flow is verified.","#291","#291 wallet-authentication implementation; MetaMask provider","No separate duplicate-specific tests. The canonical issue must verify challenge, signature verification, and session issuance through MetaMask.","Covered duplicate of #291; keep closed for tracking consolidation. MetaMask authentication remains unimplemented until #291 acceptance is met.","Audited; owner rationale verified live at https://github.com/gameguild-gg/gameguild/issues/39#issuecomment-5835783813. Canonical implementation remains incomplete.","","","","2026-10-03 13:53:32 UTC"
"40","Implement the Sign-Up page","closed","https://github.com/gameguild-gg/gameguild/issues/40","mathrmartins","mathrmartins","authored and assigned","enhancement","[V1] Content Management System - Proof of Concept - Courses","01/04/2024 15:37:02","26/09/2026 09:59:36","28/06/2024 18:11:21","Web authentication entry flows","Title-only request; the issue body is empty. Provide a sign-up page. The maintainer closed it under a product decision to combine sign-in and sign-up in one authentication experience.","Current develop contains the localized sign-up route/form under apps/web/src/app/[locale]/(auth)/sign-up, with page.test.tsx. The owner recorded that the focused sign-up route test passed: https://github.com/gameguild-gg/gameguild/issues/40#issuecomment-5845290345. Original closure comment: https://github.com/gameguild-gg/gameguild/issues/40#issuecomment-2197417101.","None identified","Current combined localized sign-in/sign-up experience.","Current sign-up page route test; owner reported the focused web test passed.","Implemented at title level and keep closed; current registration route follows the recorded combined-flow decision.","Independent review complete against current localized route/test and original product decision.","","","","2026-10-03 13:53:32 UTC"
"41","Implement the JWT access token and refresh token","closed","https://github.com/gameguild-gg/gameguild/issues/41","mathrmartins","mathrmartins","authored and assigned","enhancement","[V1] Content Management System - Proof of Concept - Courses","01/04/2024 15:37:12","26/09/2026 10:02:24","10/01/2025 14:32:07","Authentication and token lifecycle","Title-only request; the issue body is empty. Implement JWT access and refresh tokens. The old closeout recorded a never-expiring access-token workaround; current evidence must verify bounded configurable expirations and refresh rotation.","Current develop local auth and JwtTokenService issue JWT access and persisted refresh tokens with configured access/refresh expirations; LocalAuthService rejects expired tokens and rotates refresh tokens. LocalAuthServiceTests cover expired and rotated tokens; the owner recorded a 76/76 refresh-related test run on 2026-09-26: https://github.com/gameguild-gg/gameguild/issues/41#issuecomment-5845310972. Current authentication configuration and unit tests also cover expiration settings.","None identified","JWT signing/validation configuration and persisted refresh-token storage.","Current unit coverage for token expiration and refresh rotation; owner recorded 76/76 refresh-related tests passing.","Implemented; keep closed. The historical never-expiring workaround is superseded by configured access/refresh expirations and rotating refresh tokens.","Independent current-source and unit-test review complete; compared with the original closeout workaround and verified owner-reported focused run.","","","","2026-10-03 13:53:32 UTC"
"42","Implement the email and password authentication","closed","https://github.com/gameguild-gg/gameguild/issues/42","mathrmartins","mathrmartins","authored and assigned","enhancement","[V1] Content Management System - Proof of Concept - Courses","01/04/2024 15:37:21","26/09/2026 09:59:39","28/06/2024 18:14:29","Authentication and token lifecycle","Title-only request; the issue body is empty. The maintainer explicitly replaced this issue with #43 in the original closure discussion. Current source is also checked for local email/password support.","Original closure comment links #43 as the replacement: https://github.com/gameguild-gg/gameguild/issues/42#issuecomment-2197420248. Current develop still has LocalSignInRequest/LocalSignUpRequest, LocalSignIn/LocalSignUp controller endpoints, LocalAuthService credential handlers, and corresponding authentication tests. #43 remains open and tracks magic-link sign-in integration separately.","43 (historical product replacement; magic-link requirement remains open)","Historical product decision links this to #43; current email/password implementation is present independently.","Current LocalAuthService and local sign-in/sign-up tests; no additional criteria are stated in the empty body.","Superseded by #43 per the explicit original closure note; keep #42 closed. Current local email/password flows exist, while #43 remains open for its distinct magic-link work.","Independent review complete against original replacement comment, current controller/service source, tests, and canonical issue #43 state.","","","","2026-10-03 13:53:32 UTC"
"43","Login via Magic link via email","open","https://github.com/gameguild-gg/gameguild/issues/43","mathrmartins","tolstenko; mathrmartins","authored and assigned","enhancement","[V1] Content Management System - Proof of Concept - Courses","01/04/2024 15:37:25","30/09/2026 01:22:58","","Authentication","Localized request and one-time consume flow over the existing magic-link API","apps/web/src/app/[locale]/(auth)/magic-link; apps/web/src/auth.ts; apps/api/Source/Modules/GameGuild.Identity.Authentication/Handlers/MagicLinkCommandHandlers.cs","","Email-delivery sandbox round trip","API and web tests; email-delivery sandbox round trip","Code merged by #606; keep open pending email-delivery sandbox verification","Implementation reviewed and merged; sandbox delivery pending","https://github.com/gameguild-gg/gameguild/pull/606","94e944d45a182f056e052d061116fba6dae617c8","API tests 1755/1755; web tests 39/39; API Verify, Web Verify, OpenAPI, Codacy, CodeQL and PR Required Gate passed","2026-10-03 13:53:32 UTC"
"44","Integrate with Google Tag Manager","closed","https://github.com/gameguild-gg/gameguild/issues/44","mathrmartins","mathrmartins","authored and assigned","enhancement","[V1] Content Management System - Proof of Concept - Courses","01/04/2024 17:19:07","26/09/2026 09:59:41","13/01/2025 14:46:15","Untriaged","Pending issue review","Pending code review","Undetermined","Undetermined","Pending requirements review","Undetermined","Not reviewed","","","","2026-10-03 13:53:32 UTC"
"45","Integrate with Google Analytics","closed","https://github.com/gameguild-gg/gameguild/issues/45","mathrmartins","mathrmartins","authored and assigned","enhancement","[V1] Content Management System - Proof of Concept - Courses","01/04/2024 17:19:12","26/09/2026 09:59:43","01/07/2024 19:28:07","Untriaged","Pending issue review","Pending code review","Undetermined","Undetermined","Pending requirements review","Undetermined","Not reviewed","","","","2026-10-03 13:53:32 UTC"
"46","Restructure/Reorganize the backend boilerplate (Nest.js)","closed","https://github.com/gameguild-gg/gameguild/issues/46","mathrmartins","mathrmartins","authored and assigned","enhancement","[V2] Content Management System - MVP - Payment","01/04/2024 17:23:02","25/09/2026 16:23:13","01/07/2024 19:01:38","Untriaged","Pending issue review","Pending code review","Undetermined","Undetermined","Pending requirements review","Undetermined","Not reviewed","","","","2026-10-03 13:53:32 UTC"
"54","Create a notification system - Whatsapp","closed","https://github.com/gameguild-gg/gameguild/issues/54","tolstenko","mathrmartins","assigned","enhancement","[V1] Content Management System - Proof of Concept - Courses","05/04/2024 16:41:19","26/09/2026 10:03:58","01/07/2024 19:25:01","Untriaged","Pending issue review","Pending code review","Undetermined","Undetermined","Pending requirements review","Undetermined","Not reviewed","","","","2026-10-03 13:53:32 UTC"
"55","Create whatsapp broadcast management system","closed","https://github.com/gameguild-gg/gameguild/issues/55","tolstenko","mathrmartins","assigned","enhancement","[V3] Courses Assignments and Community Interaction","05/04/2024 16:45:02","26/09/2026 10:04:00","06/05/2025 02:56:38","Untriaged","Pending issue review","Pending code review","Undetermined","Undetermined","Pending requirements review","Undetermined","Not reviewed","","","","2026-10-03 13:53:32 UTC"
"56","Design a layout for the authentication-related pages","closed","https://github.com/gameguild-gg/gameguild/issues/56","mathrmartins","mathrmartins","authored and assigned","","","05/04/2024 18:03:56","26/09/2026 10:04:02","01/07/2024 20:35:15","Untriaged","Pending issue review","Pending code review","Undetermined","Undetermined","Pending requirements review","Undetermined","Not reviewed","","","","2026-10-03 13:53:32 UTC"
"81","Report development statuses","closed","https://github.com/gameguild-gg/gameguild/issues/81","tolstenko","tolstenko; Germano123; migmoroni; alec-o-mago; mathrmartins; AlexRamosBrazil","assigned","enhancement","","10/01/2025 14:23:46","26/09/2026 10:12:58","18/02/2025 11:30:25","Untriaged","Pending issue review","Pending code review","Undetermined","Undetermined","Pending requirements review","Undetermined","Not reviewed","","","","2026-10-03 13:53:32 UTC"
"84","[Enhancement]: Project management","open","https://github.com/gameguild-gg/gameguild/issues/84","tolstenko","mathrmartins","assigned","enhancement; commerce; gamejams; projects","","13/01/2025 14:57:54","26/09/2026 10:14:41","","Untriaged","Pending issue review","Pending code review","Undetermined","Undetermined","Pending requirements review","Undetermined","Not reviewed","","","","2026-10-03 13:53:32 UTC"
"92","[Enhancement]: Automatically translate content to the one browser is running","open","https://github.com/gameguild-gg/gameguild/issues/92","tolstenko","mathrmartins","assigned","enhancement; localization","","21/01/2025 19:15:27","26/09/2026 10:14:43","","Untriaged","Pending issue review","Pending code review","Undetermined","Undetermined","Pending requirements review","Undetermined","Not reviewed","","","","2026-10-03 13:53:32 UTC"
"97","[Bug]: Double scroll bars","closed","https://github.com/gameguild-gg/gameguild/issues/97","tolstenko","tolstenko; vikumm; mathrmartins","assigned","bug; good first issue; triage","","24/01/2025 14:52:07","03/10/2026 03:19:13","03/10/2026 03:19:13","Untriaged","Pending issue review","Pending code review","Undetermined","Undetermined","Pending requirements review","Closed after current desktop/mobile verification confirmed the reported double-scroll defect is absent; prior release notes also marked it resolved.","Verified 2026-10-03 against the current public course routes at 1280x720 and 428x720; no nested scrolling or horizontal overflow. The original /pt/course/portfolio route returns 404. GitHub evidence: https://github.com/gameguild-gg/gameguild/issues/97#issuecomment-5965004661.","","","","2026-10-03 13:53:32 UTC"
"99","[Bug]: Changing language does not work as expected","closed","https://github.com/gameguild-gg/gameguild/issues/99","mohsenkhosroanjam","mathrmartins","assigned","bug; duplicate","","24/01/2025 18:02:29","26/09/2026 10:13:00","25/04/2025 02:54:12","Untriaged","Pending issue review","Pending code review","Undetermined","Undetermined","Pending requirements review","Undetermined","Not reviewed","","","","2026-10-03 13:53:32 UTC"
"106","[Enhancement]: Hide all nestjs api calls in nextjs server actions to make it server side","closed","https://github.com/gameguild-gg/gameguild/issues/106","tolstenko","mathrmartins","assigned","enhancement; Stale","","30/01/2025 15:03:18","26/09/2026 10:13:02","13/08/2025 03:08:58","Untriaged","Pending issue review","Pending code review","Undetermined","Undetermined","Pending requirements review","Undetermined","Not reviewed","","","","2026-10-03 13:53:32 UTC"
"109","[Enhancement]: Visual Identity and Branding","closed","https://github.com/gameguild-gg/gameguild/issues/109","Germano123","mathrmartins","assigned","enhancement; help wanted; design-&-marketing; Stale","","31/01/2025 18:39:32","26/09/2026 10:13:04","13/08/2025 03:08:56","Untriaged","Pending issue review","Pending code review","Undetermined","Undetermined","Pending requirements review","Undetermined","Not reviewed","","","","2026-10-03 13:53:32 UTC"
"111","[Enhancement]: Wrap wasm packages into webworkers and expose its functions to react","open","https://github.com/gameguild-gg/gameguild/issues/111","tolstenko","mathrmartins","assigned","enhancement; front-end","","04/02/2025 17:08:20","26/09/2026 10:12:53","","Untriaged","Pending issue review","Pending code review","Undetermined","Undetermined","Pending requirements review","Undetermined","Not reviewed","","","","2026-10-03 13:53:32 UTC"
"115","[Enhancement]: Create a use-wasmer package and publish under gg npm","closed","https://github.com/gameguild-gg/gameguild/issues/115","tolstenko","mathrmartins","assigned","documentation; enhancement; front-end; management","","08/02/2025 15:43:10","26/09/2026 10:13:06","10/05/2025 02:51:55","Untriaged","Pending issue review","Pending code review","Undetermined","Undetermined","Pending requirements review","Undetermined","Not reviewed","","","","2026-10-03 13:53:32 UTC"
"116","[Enhancement]: Improve CI/CD following our git flow process","open","https://github.com/gameguild-gg/gameguild/issues/116","tolstenko","mathrmartins","assigned","documentation; enhancement; management; semantic-release","","08/02/2025 16:59:38","03/10/2026 13:48:56","","Repository governance and release flow","Pending issue review","GitHub branch protection GET readback confirms required_status_checks.contexts=[PR Required Gate], required_approving_review_count=2, require_last_push_approval=true, dismiss_stale_reviews=true, required_conversation_resolution=true, enforce_admins=true, push restrictions/bypass allowances limited to seven current direct maintainers/admins, allow_force_pushes=false, allow_deletions=false.","Undetermined","Undetermined","Pending requirements review","Open: branch protection and two-maintainer review are implemented. The historic automatic CHANGELOG and main/tag deployment flow still must be implemented or reconciled with the current manually gated hotfix production workflow and Emception-only Changesets publishing.","Main branch protection applied and verified 2026-10-03 via GitHub REST: 2 approvals, stale dismissal, last-push approval, required PR Required Gate, strict up-to-date, resolved conversations, admin enforcement, no force-push/deletion, push and bypass limits to seven direct maintainers/admins. Comment: https://github.com/gameguild-gg/gameguild/issues/116#issuecomment-5969788600","","","N/A: external GitHub branch protection rule directly verified via REST; production release uses manual hotfix workflow; Changesets release workflow is Emception-specific.","2026-10-03 13:53:32 UTC"
"143","Test API Versioning","closed","https://github.com/gameguild-gg/gameguild/issues/143","mathrmartins","mathrmartins","authored and assigned","enhancement; back-end","","03/10/2025 10:00:49","26/09/2026 10:13:08","03/10/2025 10:01:30","Untriaged","Pending issue review","Pending code review","Undetermined","Undetermined","Pending requirements review","Undetermined","Not reviewed","","","","2026-10-03 13:53:32 UTC"
"144","API Versioning Options Configuration","closed","https://github.com/gameguild-gg/gameguild/issues/144","mathrmartins","mathrmartins","authored and assigned","back-end; api-features","","03/10/2025 10:07:45","30/09/2026 18:40:35","29/09/2026 18:06:37","API platform","Configure URL, header, and query version readers; default and fallback behavior; semantic/date/custom formats; deprecation and compatibility; routing; OpenAPI; format validation; pre-release versions; logs/metrics; tests and migration guidance.","PR #599 head 304a9fbc3 completes API versioning acceptance on develop: native and semantic versions, compatibility matrix validation, URL/query/header/media-type readers, routing coverage, OpenAPI metadata/client sync, deprecation and sunset headers, usage logging/metrics, migration documentation, and a four-case BenchmarkDotNet diagnostic. API versioning/OpenAPI tests passed 19/19, SharedKernel option tests 21/21, and semantic routing telemetry 1/1.","#144; #272 is identified as a historical duplicate in PR #591","ASP.NET API version readers, OpenAPI generation, client generation, compatibility policy, usage logging/metrics, and consumer migration guidance.","Version readers and formats, matrix validation, routing, OpenAPI/client consistency, deprecation/sunset, telemetry, migration documentation, and version-resolution benchmark. Focused local tests passed 19/19, 21/21, and 1/1; benchmark ran four diagnostic cases. API Verify, OpenAPI client consistency, Codacy, CodeQL, repository policy, hygiene, and PR Required Gate passed.","Implemented and merged to develop by PR #599; keep closed. Partial PR #591 is closed as superseded. #272 remains the historical duplicate reference.","Current GitHub state verified: issue closed 2026-09-29T18:06:37Z after PR #599 merged to develop at 18:06:35Z. Focused tests passed 19/19, 21/21, and 1/1. BenchmarkDotNet ShortRun covered four cases and is diagnostic only; no production performance guarantee is claimed. PR #591 was closed as superseded.","https://github.com/gameguild-gg/gameguild/pull/599; https://github.com/gameguild-gg/gameguild/pull/591 (superseded)","304a9fbc304d43a327f7c61eb8d5a78c011024cc","PR #599 API Verify, OpenAPI client consistency, Codacy, C# and JavaScript/TypeScript CodeQL, repository policy, tracked-artifact validation, release classification, and PR Required Gate passed; migration, economy, and Testing Lab checks were skipped by workflow conditions. Merged to develop.","2026-10-03 13:53:32 UTC"
"145","Authentication Options Configuration","closed","https://github.com/gameguild-gg/gameguild/issues/145","mathrmartins","mathrmartins","authored and assigned","back-end; api-features","","03/10/2025 10:07:47","03/10/2026 13:43:52","03/10/2026 13:43:52","Authentication and identity","Configure JWT claims, OAuth2 providers, API-key sources, cookies/Basic, refresh/session behavior, MFA, custom schemes, security headers, lockout/password policy, Identity integration, tests, and documentation; reconcile overlapping identity issues before disposition.","AuthenticationOptions/SetupAuthentication support JWT, API keys via header/query/custom resolver, Basic, cookie, password policy, OAuth providers and additional schemes. MFA/session and lockout behavior are wired by merged PRs #644/#645/#652; security header options are exposed by PresentationLayer:SecurityHeaders. API-key custom resolver and configuration docs merged by #667.","No duplicate established; reconcile overlapping identity requirements in the broader inventory.","Existing API-key persistence/handler and JWT setup; reconcile overlapping requirements in #219/#220, #227, #251, #259/#262, #268/#269, and #291/#292.","Verify API-key header/query/custom resolver, HTTPS and ambiguous-source rejection, scheme opt-in/default preservation, full authentication flows, and remaining identity acceptance criteria; run API/OpenAPI/CI gates and integration tests for external providers.","Resolved by PRs #594, #618, #619, #641, #644, #645, #652, and #667. Basic/cookie and security headers are configured in their typed sections; the separate ASP.NET Core Identity persistence stack is superseded by GameGuild.Identity.Authentication. Authentication audit integration remains tracked by #158.","Closed 2026-10-03 after mapping the issue criteria to merged auth configuration work; the prior re-open note relied on an outdated partial status and was corrected. Evidence: https://github.com/gameguild-gg/gameguild/issues/145#issuecomment-5969746340","https://github.com/gameguild-gg/gameguild/pull/594; https://github.com/gameguild-gg/gameguild/pull/618; https://github.com/gameguild-gg/gameguild/pull/619; https://github.com/gameguild-gg/gameguild/pull/641; https://github.com/gameguild-gg/gameguild/pull/644; https://github.com/gameguild-gg/gameguild/pull/645; https://github.com/gameguild-gg/gameguild/pull/652; https://github.com/gameguild-gg/gameguild/pull/667","bc91b54cd9b89db77b878e7e2b68a73dd81b4fb9","PR #667: API Verify, OpenAPI, CodeQL C#, Codacy passed; auth 1,840/1,840, authz 1,667/1,667, SharedKernel 1,340/1,340, focused API config 33/33, build 0 warnings/errors. Repository policy and PR Required Gate failed on one pnpm advisory.","2026-10-03 13:53:32 UTC"
"146","Authorization Options Configuration","closed","https://github.com/gameguild-gg/gameguild/issues/146","mathrmartins","mathrmartins","authored and assigned","back-end; api-features","","03/10/2025 10:07:50","03/10/2026 08:49:25","03/10/2026 08:49:25","API platform / authorization configuration","Central authorization options for policies, role hierarchies, resource permissions, claims transformations, external services, policy caching, dynamic context, schemes, ABAC, time/location rules, auditing, testing, and migration documentation.","AuthorizationOptions now includes FallbackPolicyName alongside default/static policies and role hierarchy. SetupAuthorization composes configured built-in/static policies into ASP.NET Core FallbackPolicy, rejects unknown names, and copies the option into the bound options instance. Focused tests cover omitted fallback, configured role policy, unknown-name failure, and invalid empty values. Existing DB-backed resource permissions, ABAC, time/IP rules, policy caching, and authorization audit remain separate Identity.Authorization capabilities; provider integrations remain separate authentication setup. See apps/api/Source/Modules/GameGuild.SharedKernel/Configuration/PresentationLayer/Authorization/AuthorizationOptions.cs, apps/api/Source/GameGuild.API/Core/Extensions/SecurityServiceCollectionExtensions.cs, apps/api/tests/GameGuild.API.UnitTests/Security/AuthorizationDefaultPolicyConfigurationTests.cs, and docs/api/authorization-options-configuration.md.","No duplicate established. Reconcile overlap with authorization policy, role, claims, ABAC, audit, and enterprise identity issues before closeout.","ASP.NET Core authorization; Identity.Authorization policy store/cache and claims/roles; authentication providers and external integrations tracked by #145, #268, and #269.","Existing requirements still need reconciliation with their canonical modules/issues. This slice is covered by API fallback-policy configuration tests, SharedKernel option-validation tests, API authorization/security/architecture tests, and the Identity.Authorization and Identity.Authentication unit suites.","Closed by merged PR #668 after implementing configuration and claim transformation behavior; separate SAML/OIDC provider integration remains tracked by #268.","Closed by PR #668 on 2026-10-03. Typed allowlisted claim transformations are wired into authenticated identities before policy evaluation; tests 35/35 passed. External SAML/OIDC identity-provider setup is separately tracked in #268.","https://github.com/gameguild-gg/gameguild/pull/668","2af275166d9780532f5d2208a8b9f3ca85dfde42","API verify, OpenAPI, CodeQL, Codacy passed; Repository policy and PR Required Gate failed on the pre-existing braces advisory.","2026-10-03 13:53:32 UTC"
"147","OpenAPI Options Configuration","closed","https://github.com/gameguild-gg/gameguild/issues/147","mathrmartins","mathrmartins","authored and assigned","back-end; api-features","","03/10/2025 10:07:53","03/10/2026 13:52:46","10/03/2026 14:05:11","API platform / OpenAPI","Typed OpenAPI configuration for document metadata, JWT/OAuth2/API-key schemes, servers, schema examples/annotations, Swagger UI, extensions, localization, versioned documents, endpoint security mapping, operation/schema filters, validation, tests, and migration documentation.","Merged PRs #634, #637, #638, #643, and #651 provide typed OpenAPI metadata/security/server configuration, endpoint security mapping, schema/property documentation options, consolidated XML docs, localized docs, and descriptions/examples for generated schemas. PR #651 also adds curated domain examples and documents the ActivitySettings union.","No duplicate established; coordinate API-versioning #144 and authentication/security configuration #145.","Public schema inventory and examples/descriptions for the public model surface; remaining configuration metadata/security/server/filter acceptance.","OpenApiConfiguredDocumentationTests 8/8 and Swagger_ShouldServeDescriptionsAndExamplesForEverySchema 1/1 passed on develop; coverage verifies every generated schema has a description/example, OpenAPI 3.0 serialization, configured metadata, and all ActivitySettings variants.","Completed and closed. Keep closed: PR #651 merged into develop; current schema-description/example tests pass, and the prior 779/1,335 gap was from a stale pre-merge audit.","Live GitHub state CLOSED (completed) at 2026-10-03 14:05:11 UTC. Owner evidence comment https://github.com/gameguild-gg/gameguild/issues/147#issuecomment-5969916025 corrects the stale pre-PR #651 audit and records the merged implementation/tests. Closure comment: https://github.com/gameguild-gg/gameguild/issues/147#issuecomment-5969916977.","https://github.com/gameguild-gg/gameguild/pull/634; https://github.com/gameguild-gg/gameguild/pull/637; https://github.com/gameguild-gg/gameguild/pull/638; https://github.com/gameguild-gg/gameguild/pull/643; https://github.com/gameguild-gg/gameguild/pull/651","PR #651 merge commit 312c554dd75d5a48ffd96190da0bd388cdee7454","PR #651 merged to develop at 2026-10-01T13:08:52Z. On 2026-10-03, OpenApiConfiguredDocumentationTests passed 8/8 and Swagger_ShouldServeDescriptionsAndExamplesForEverySchema passed 1/1; evidence recorded in issue comment #5969916025.","2026-10-03 15:22:38 UTC"
"148","Problem Details Options Configuration","closed","https://github.com/gameguild-gg/gameguild/issues/148","mathrmartins","mathrmartins","authored and assigned","back-end; api-features","","03/10/2025 10:07:55","30/09/2026 18:59:19","30/09/2026 04:25:03","Untriaged","RFC 7807 errors; common exception mappings; environment-gated details; custom types/extensions; trace and correlation IDs; Accept-Language localization; consistent exception, MVC validation/results, legacy errors, and empty status-only responses; preserve multiple validation field errors; configurable detail levels; stable client codes; unit/integration/performance tests; configuration and migration documentation.","PR #608 merged 2026-09-30 (merge 608487f9b85428b301860598863f2705d2c77cc0; head abeeb07a8a9412e578dc921743beb39862612607). Typed options/builder, exception mapper/middleware, MVC filter, status-code pipeline, docs/migration guide, and MVC/pipeline/options tests plus BenchmarkDotNet benchmark. API tests: 822 before final legacy-body adjustment, then 20 focused ProblemDetails tests; SharedKernel 39; API Release publish with warnings-as-errors passed. ShortRun measures formatting/serialization, not HTTP latency.","Undetermined","Undetermined","API MVC/pipeline/exception and validation tests; SharedKernel option validation; localization/correlation/extensions/legacy bodies/status-only errors; Release publish; OpenAPI consistency; benchmark and required CI gates.","Implemented and closed by merged PR #608 (Closes #148); original acceptance criteria compared with source, tests, docs, and required CI.","Reviewed merged options, mapping/handling, MVC filtering, status pages, tests, and documentation against the issue criteria. API Verify, Web Verify, OpenAPI, Codacy, CodeQL, repository policy, artifact validation, and required gate passed. Benchmark is diagnostic only.","https://github.com/gameguild-gg/gameguild/pull/608","abeeb07a8a9412e578dc921743beb39862612607","Merged PR #608: API/Web/OpenAPI, PR Required Gate, repository policy, Codacy, CodeQL, artifact validation, classification, and NuGet passed; Migration, Economy, and Testing Lab skipped. API UnitTests 822 before final change and 20 focused tests after; SharedKernel 39; Release publish with warnings-as-errors passed.","2026-10-03 13:53:32 UTC"
"149","Rate Limiting Options Configuration","closed","https://github.com/gameguild-gg/gameguild/issues/149","mathrmartins","mathrmartins","authored and assigned","back-end; api-features","","03/10/2025 10:07:58","30/09/2026 19:03:59","29/09/2026 20:25:49","API foundation and rate limiting","Issue criteria: per-user, per-IP, per-endpoint and global policies; fixed/sliding/token-bucket algorithms; configurable windows; penalties; Redis distributed and in-memory modes; response headers; monitoring/alerts; allow/deny lists. Database-backed storage appears only in Proposed Solution; Acceptance Criteria and Definition of Done require Redis and in-memory storage.","PR #582 merged to develop at 47f640b56a0b0e2dd51ad9800fe08e92be5bfb74. Current source provides validated named policies, fixed/sliding/token-bucket algorithms, user/tenant/IP/endpoint partitions, trusted-proxy handling, atomic Redis enforcement, in-memory fallback, penalties, response headers, allow/deny lists, metrics and alert rules. Verification recorded in PR: API rate-limit tests 28/28; Redis failure-mode tests 14/14; Redis Testcontainers integration tests 16/16, including concurrent requests across two independent Kestrel hosts; BenchmarkDotNet MediumRun 7.790 vs 9.441 microseconds/request without/with the in-memory limiter. GitHub API, Web, OpenAPI, CodeQL, Codacy, repository policy and PR Required Gate checks passed.","None identified","Redis is required for shared distributed limits. Production traffic profiling remains an operational follow-up and is not specified as an issue acceptance criterion.","Acceptance evidence recorded: unit, Redis failure-mode, two-host concurrent integration, and diagnostic benchmark results in PR #582; required GitHub checks passed.","Implemented and closed by PR #582. The proposed database backend was not part of Acceptance Criteria or Definition of Done; FailOpen and FailClosed are both supported, so an owner-selected mode is not a blocker.","Independently audited against the complete issue body, current develop source, test coverage, PR evidence, and GitHub closed state (2026-09-29T20:25:49Z). Production profiling is a follow-up, not an unmet acceptance criterion.","https://github.com/gameguild-gg/gameguild/pull/582","6f4e6ebe8","PR #582 merged to develop; API Verify, Web Verify, OpenAPI client consistency, Codacy, CodeQL, repository policy, and PR Required Gate passed. Migration compatibility and Economy Release Gate skipped by workflow conditions.","2026-10-03 13:53:32 UTC"
"150","Admin Action Tracking","open","https://github.com/gameguild-gg/gameguild/issues/150","mathrmartins","mathrmartins","authored and assigned","back-end; audit","","03/10/2025 10:08:00","03/10/2026 01:35:07","","Audit events","Issue requires coverage of all administrative operations; signed before/after state; role escalation; session correlation; alerting; approval workflow; access review; analytics/anomalies; tamper resistance; identity management.","TamperEvidentAuditService persists signed per-tenant hash chains with snapshots and session/correlation IDs; AuditModelConfiguration maps the entity; migration AddTamperEvidentAuditLogs creates storage; EcdsaCryptographicSigningService signs and verifies event content.","None identified","Next: wire every privileged operation; configure production keys; add alerting/workflow/access review/anomaly/identity integrations; deploy migration and external immutable anchoring.","GameGuild.Audit.UnitTests: ECDSA signature and key rotation; per-tenant sequence and snapshot verification; tampered payload detection; missing-key failure; all existing audit unit tests.","Partial implementation; keep open until every acceptance criterion has operational evidence.","Signed chain detects changes to retained entries; service is not yet called by all admin operations; audit-write failure handling is not integrated; no external WORM anchor means tail deletion is not detectable.","https://github.com/gameguild-gg/gameguild/pull/650","b38f4dce7d412468a96678cfc4f4f25ebf851e742 (implementation commit)","Local audit tests 141/141; full API solution build 0 warnings/errors; migration SQL generation succeeded. GitHub PR #650 checks are tracked live.","2026-10-03 13:53:32 UTC"
"151","[Enhancement]: admin audit console","closed","https://github.com/gameguild-gg/gameguild/issues/151","mathrmartins","mathrmartins","authored and assigned","back-end; audit","","03/10/2025 10:08:04","26/09/2026 04:02:32","26/09/2026 04:02:32","Untriaged","Pending issue review","Pending code review","Undetermined","Undetermined","Pending requirements review","Undetermined","Not reviewed","","","","2026-10-03 13:53:32 UTC"
"152","[Enhancement]: admin audit console endpoints","closed","https://github.com/gameguild-gg/gameguild/issues/152","mathrmartins","mathrmartins","authored and assigned","back-end; audit","","03/10/2025 10:08:06","26/09/2026 04:02:35","26/09/2026 04:02:35","Untriaged","Pending issue review","Pending code review","Undetermined","Undetermined","Pending requirements review","Undetermined","Not reviewed","","","","2026-10-03 13:53:32 UTC"
"153","[Enhancement]: admin operations tracking","closed","https://github.com/gameguild-gg/gameguild/issues/153","mathrmartins","mathrmartins","authored and assigned","back-end; audit","","03/10/2025 10:08:09","26/09/2026 04:02:38","26/09/2026 04:02:38","Untriaged","Pending issue review","Pending code review","Undetermined","Undetermined","Pending requirements review","Undetermined","Not reviewed","","","","2026-10-03 13:53:32 UTC"
"154","All Admin Operations Tracking","open","https://github.com/gameguild-gg/gameguild/issues/154","mathrmartins","mathrmartins","authored and assigned","back-end; audit","","03/10/2025 10:08:14","03/10/2025 10:08:14","","Untriaged","Pending issue review","Pending code review","Undetermined","Undetermined","Pending requirements review","Undetermined","Not reviewed","","","","2026-10-03 13:53:32 UTC"
"155","Audit Export Endpoints (CSV/JSON)","closed","https://github.com/gameguild-gg/gameguild/issues/155","mathrmartins","mathrmartins","authored and assigned","back-end; audit","","03/10/2025 10:08:16","02/10/2026 23:05:23","02/10/2026 23:05:23","Untriaged","Pending issue review","Pending code review","Undetermined","Undetermined","Pending requirements review","Undetermined","Not reviewed","","","","2026-10-03 13:53:32 UTC"
"156","Audit Filtering Capabilities","open","https://github.com/gameguild-gg/gameguild/issues/156","mathrmartins","mathrmartins","authored and assigned","back-end; audit","","03/10/2025 10:08:19","03/10/2025 10:08:19","","Untriaged","Pending issue review","Pending code review","Undetermined","Undetermined","Pending requirements review","Undetermined","Not reviewed","","","","2026-10-03 13:53:32 UTC"
"157","Audit Hooks for Permission Operations","closed","https://github.com/gameguild-gg/gameguild/issues/157","mathrmartins","mathrmartins","authored and assigned","back-end; audit","","03/10/2025 10:08:22","03/10/2026 02:33:27","03/10/2026 02:33:27","Untriaged","Pending issue review","Pending code review","Undetermined","Undetermined","Pending requirements review","Undetermined","Not reviewed","","","","2026-10-03 13:53:32 UTC"
"158","Audit Logging for Authentication Actions","open","https://github.com/gameguild-gg/gameguild/issues/158","mathrmartins","mathrmartins","authored and assigned","back-end; audit","","03/10/2025 10:08:25","03/10/2025 10:08:25","","Authentication and identity","Systematic success/failure audit; middleware integration; method/IP/user-agent context; MFA process; brute-force detection; session lifecycle; OAuth/SAML/provider coverage; real-time threat processing; behavior analytics correlation; centralized AuditService.","Open PR #669, head 4f8d807b64f0ae82a457cc64d3719b68ba007897, adds the central audit sink and forwards local/OAuth/Web3/WebAuthn/MFA-attempt/session/JWT/Basic/API-key events with sanitized context. It restricts forwarded IP/scheme to explicitly trusted proxies. SAML/provider coverage and full behavior-correlation acceptance remain incomplete.","#158 is canonical for authentication audit logging.","SAML provider work tracked by #268; deployment must set RateLimiting:TrustedProxyAddresses for TLS-terminating proxies; repository-wide pnpm audit advisory has no upstream patched braces version.","Per-provider success/failure and PII-redaction coverage; MFA and session event coverage; brute-force/risk/SIEM correlation; SAML integration; trusted/untrusted forwarded HTTPS behavior.","Open and partially implemented in PR #669. Do not close until all-provider success/failure, MFA/session lifecycle, risk/pattern analysis, behavior correlation, and SAML criteria are implemented and verified after merge.","Live GitHub state OPEN, verified 2026-10-03 15:22:38 UTC. PR #669 head 4f8d807 is open and unmerged. Focused AuditingAuthorization tests pass 11/11; prior recorded authentication, central-audit, and trusted-proxy suites pass 1,850/1,850, 2/2, and 31/31. At the latest observed CI, Repository policy fails on transitive braces@3.0.3 GHSA-vfj7-8cjw-p6xm; API Verify, Web Verify, and C# CodeQL were pending; OpenAPI consistency and Codacy passed. SAML remains unimplemented.","https://github.com/gameguild-gg/gameguild/pull/669","PR #669 head 4f8d807b64f0ae82a457cc64d3719b68ba007897","Observed 2026-10-03 15:22 UTC on head 4f8d807: Repository policy failed on braces@3.0.3 CVE-2026-93687; API Verify, Web Verify, and C# CodeQL pending; OpenAPI consistency and Codacy passed. Focused local authorization audit tests 11/11 passed.","2026-10-03 15:22:38 UTC"
"159","Audit Logging on Grants/Denies","open","https://github.com/gameguild-gg/gameguild/issues/159","mathrmartins","mathrmartins","authored and assigned","back-end; audit","","03/10/2025 10:08:27","03/10/2025 10:08:27","","Authorization and auditing","Real-time grants/denies; actor/resource/action and policy context; detailed evaluation reason; each item in bulk decisions; failure-pattern recognition and alerting; middleware coverage; reconstructable incident timeline; correlation with behavior/access patterns; centralized AuditService.","Open PR #669 adds an authorization middleware result handler for grants/denies with policy/role/scheme, failed requirement types, route/resource, user/tenant/session, IP, and correlation context. It wraps IAuthorizationPermissionService and audits each individual and bulk permission decision. Commit 4f8d807 adds configurable one-hour denial-pattern detection, a cooldown, and SIEM alerting. PR is not merged.","#159 is canonical for authorization grant/deny audit coverage.","Central IAuditService; configured Identity Authentication ISiemIntegrationService; full middleware and permission-service path coverage.","Focused permission and middleware audit tests; test all grant/deny paths and bulk decisions; verify threshold/cooldown/SIEM failure behavior; prove incident timeline reconstruction and behavior/access correlation.","Open and partially implemented in PR #669. Keep open until every acceptance item, all authorization decision paths, bulk operation coverage, incident timeline reconstruction, and behavior correlation are implemented and verified after merge.","Live GitHub state OPEN, verified 2026-10-03 15:22:38 UTC. PR #669 head 4f8d807 is open and unmerged. The PR adds central decision audit and repeated-denial SIEM alerting; focused AuditingAuthorization tests pass 11/11. Latest observed API/Web CI and C# CodeQL were pending; repository policy failed on the transitive braces@3.0.3 advisory. Timeline reconstruction and behavior/access correlation are not yet proven.","https://github.com/gameguild-gg/gameguild/pull/669","PR #669 head 4f8d807b64f0ae82a457cc64d3719b68ba007897","Observed 2026-10-03 15:22 UTC on head 4f8d807: Repository policy failed on braces@3.0.3 CVE-2026-93687; API Verify, Web Verify, and C# CodeQL pending; OpenAPI consistency and Codacy passed. Focused local AuditingAuthorization tests 11/11 passed.","2026-10-03 15:22:38 UTC"
"160","Audit Query DSL with Saved Views & Role-Based Access","open","https://github.com/gameguild-gg/gameguild/issues/160","mathrmartins","mathrmartins","authored and assigned","back-end; audit","","03/10/2025 10:08:30","03/10/2025 10:08:30","","Untriaged","Pending issue review","Pending code review","Undetermined","Undetermined","Pending requirements review","Undetermined","Not reviewed","","","","2026-10-03 13:53:32 UTC"
"161","Audit Search by Action Type","closed","https://github.com/gameguild-gg/gameguild/issues/161","mathrmartins","mathrmartins","authored and assigned","back-end; audit","","03/10/2025 10:08:32","03/10/2026 01:29:16","03/10/2026 01:28:46","Untriaged","Pending issue review","Pending code review","Undetermined","Undetermined","Pending requirements review","Undetermined","Not reviewed","","","","2026-10-03 13:53:32 UTC"
"162","Audit Search by Date Range","closed","https://github.com/gameguild-gg/gameguild/issues/162","mathrmartins","mathrmartins","authored and assigned","back-end; audit","","03/10/2025 10:08:34","02/10/2026 23:55:01","02/10/2026 23:53:59","Untriaged","Pending issue review","Pending code review","Undetermined","Undetermined","Pending requirements review","Undetermined","Not reviewed","","","","2026-10-03 13:53:32 UTC"
"163","[Enhancement]: audit search by user","closed","https://github.com/gameguild-gg/gameguild/issues/163","mathrmartins","mathrmartins","authored and assigned","back-end; audit","","03/10/2025 10:08:37","02/10/2026 22:35:44","02/10/2026 22:35:44","Untriaged","Pending issue review","Pending code review","Undetermined","Undetermined","Pending requirements review","Undetermined","Not reviewed","","","","2026-10-03 13:53:32 UTC"
"164","Audit Search Endpoints","open","https://github.com/gameguild-gg/gameguild/issues/164","mathrmartins","mathrmartins","authored and assigned","back-end; audit","","03/10/2025 10:08:41","03/10/2025 10:08:41","","Untriaged","Pending issue review","Pending code review","Undetermined","Undetermined","Pending requirements review","Undetermined","Not reviewed","","","","2026-10-03 13:53:32 UTC"
"165","Audit Search & Filter System","open","https://github.com/gameguild-gg/gameguild/issues/165","mathrmartins","mathrmartins","authored and assigned","back-end; audit","","03/10/2025 10:08:44","03/10/2025 10:08:44","","Untriaged","Pending issue review","Pending code review","Undetermined","Undetermined","Pending requirements review","Undetermined","Not reviewed","","","","2026-10-03 13:53:32 UTC"
"166","AuditService Logs All Changes","open","https://github.com/gameguild-gg/gameguild/issues/166","mathrmartins","mathrmartins","authored and assigned","back-end; audit","","03/10/2025 10:08:47","03/10/2025 10:08:47","","Untriaged","Pending issue review","Pending code review","Undetermined","Undetermined","Pending requirements review","Undetermined","Not reviewed","","","","2026-10-03 13:53:32 UTC"
"167","[Enhancement]: audit statistics aggregation","closed","https://github.com/gameguild-gg/gameguild/issues/167","mathrmartins","mathrmartins","authored and assigned","back-end; audit","","03/10/2025 10:08:49","02/10/2026 22:37:25","02/10/2026 22:37:25","Untriaged","Pending issue review","Pending code review","Undetermined","Undetermined","Pending requirements review","Undetermined","Not reviewed","","","","2026-10-03 13:53:32 UTC"
"168","[Enhancement]: audit statistics endpoints","closed","https://github.com/gameguild-gg/gameguild/issues/168","mathrmartins","mathrmartins","authored and assigned","back-end; audit","","03/10/2025 10:08:52","02/10/2026 22:37:27","02/10/2026 22:37:27","Untriaged","Pending issue review","Pending code review","Undetermined","Undetermined","Pending requirements review","Undetermined","Not reviewed","","","","2026-10-03 13:53:32 UTC"
"169","Audit Stream Replay Capability for Incident Investigation","open","https://github.com/gameguild-gg/gameguild/issues/169","mathrmartins","mathrmartins","authored and assigned","back-end; audit","","03/10/2025 10:08:55","03/10/2025 10:08:55","","Untriaged","Pending issue review","Pending code review","Undetermined","Undetermined","Pending requirements review","Undetermined","Not reviewed","","","","2026-10-03 13:53:32 UTC"
"170","[Enhancement]: audit trail export csv","closed","https://github.com/gameguild-gg/gameguild/issues/170","mathrmartins","mathrmartins","authored and assigned","back-end; audit","","03/10/2025 10:08:57","01/10/2026 14:14:39","25/09/2026 16:45:05","Untriaged","Pending issue review","Pending code review","Undetermined","Undetermined","Pending requirements review","Undetermined","Not reviewed","","","","2026-10-03 13:53:32 UTC"
"171","Audit Trail Export (CSV Format)","closed","https://github.com/gameguild-gg/gameguild/issues/171","mathrmartins","mathrmartins","authored and assigned","back-end; audit","","03/10/2025 10:08:59","02/10/2026 22:00:35","02/10/2026 22:00:35","Untriaged","Pending issue review","Pending code review","Undetermined","Undetermined","Pending requirements review","Undetermined","Not reviewed","","","","2026-10-03 13:53:32 UTC"
"172","[Enhancement]: audit trail export json","closed","https://github.com/gameguild-gg/gameguild/issues/172","mathrmartins","mathrmartins","authored and assigned","back-end; audit","","03/10/2025 10:09:02","01/10/2026 14:14:38","25/09/2026 16:45:05","Untriaged","Pending issue review","Pending code review","Undetermined","Undetermined","Pending requirements review","Undetermined","Not reviewed","","","","2026-10-03 13:53:32 UTC"
"173","Audit Trail Export (JSON Format)","closed","https://github.com/gameguild-gg/gameguild/issues/173","mathrmartins","mathrmartins","authored and assigned","back-end; audit","","03/10/2025 10:09:04","01/10/2026 15:24:51","01/10/2026 15:24:51","Untriaged","Pending issue review","Pending code review","Undetermined","Undetermined","Pending requirements review","Undetermined","Not reviewed","","","","2026-10-03 13:53:32 UTC"
"174","Authentication Events Tracking","open","https://github.com/gameguild-gg/gameguild/issues/174","mathrmartins","mathrmartins","authored and assigned","back-end; audit","","03/10/2025 10:09:09","03/10/2025 10:09:09","","Untriaged","Pending issue review","Pending code review","Undetermined","Undetermined","Pending requirements review","Undetermined","Not reviewed","","","","2026-10-03 13:53:32 UTC"
"175","Authorization Events Tracking","open","https://github.com/gameguild-gg/gameguild/issues/175","mathrmartins","mathrmartins","authored and assigned","back-end; audit","","03/10/2025 10:09:12","03/10/2025 10:09:12","","Untriaged","Pending issue review","Pending code review","Undetermined","Undetermined","Pending requirements review","Undetermined","Not reviewed","","","","2026-10-03 13:53:32 UTC"
"176","Before/After Value Snapshots for All Mutations","open","https://github.com/gameguild-gg/gameguild/issues/176","mathrmartins","mathrmartins","authored and assigned","back-end; audit","","03/10/2025 10:09:15","03/10/2025 10:09:15","","Untriaged","Pending issue review","Pending code review","Undetermined","Undetermined","Pending requirements review","Undetermined","Not reviewed","","","","2026-10-03 13:53:32 UTC"
"177","Chain-of-Custody Evidence Tracking for Forensics","open","https://github.com/gameguild-gg/gameguild/issues/177","mathrmartins","mathrmartins","authored and assigned","back-end; audit","","03/10/2025 10:09:17","03/10/2025 10:09:17","","Untriaged","Pending issue review","Pending code review","Undetermined","Undetermined","Pending requirements review","Undetermined","Not reviewed","","","","2026-10-03 13:53:32 UTC"
"178","Compliance Evidence Packaging (SOC2 / ISO 27001 Bundles)","open","https://github.com/gameguild-gg/gameguild/issues/178","mathrmartins","mathrmartins","authored and assigned","back-end; audit","","03/10/2025 10:09:19","15/07/2026 20:43:57","","Untriaged","Pending issue review","Pending code review","Undetermined","Undetermined","Pending requirements review","Undetermined","Not reviewed","","","","2026-10-03 13:53:32 UTC"
"179","[Enhancement]: compliance reporting capabilities","open","https://github.com/gameguild-gg/gameguild/issues/179","mathrmartins","mathrmartins","authored and assigned","back-end; audit","","03/10/2025 10:09:22","03/10/2025 10:09:22","","Untriaged","Pending issue review","Pending code review","Undetermined","Undetermined","Pending requirements review","Undetermined","Not reviewed","","","","2026-10-03 13:53:32 UTC"
"180","Comprehensive Audit Trail Coverage","open","https://github.com/gameguild-gg/gameguild/issues/180","mathrmartins","mathrmartins","authored and assigned","back-end; audit","","03/10/2025 10:09:25","03/10/2025 10:09:25","","Untriaged","Pending issue review","Pending code review","Undetermined","Undetermined","Pending requirements review","Undetermined","Not reviewed","","","","2026-10-03 13:53:32 UTC"
"181","Comprehensive Event Tracking","open","https://github.com/gameguild-gg/gameguild/issues/181","mathrmartins","mathrmartins","authored and assigned","back-end; audit","","03/10/2025 10:09:28","03/10/2025 10:09:28","","Untriaged","Pending issue review","Pending code review","Undetermined","Undetermined","Pending requirements review","Undetermined","Not reviewed","","","","2026-10-03 13:53:32 UTC"
"182","Configurable Retention Policies","open","https://github.com/gameguild-gg/gameguild/issues/182","mathrmartins","mathrmartins","authored and assigned","back-end; audit","","03/10/2025 10:09:31","03/10/2025 10:09:31","","Untriaged","Pending issue review","Pending code review","Undetermined","Undetermined","Pending requirements review","Undetermined","Not reviewed","","","","2026-10-03 13:53:32 UTC"
"183","Cryptographic Signing & Integrity Verification of Audit Records","open","https://github.com/gameguild-gg/gameguild/issues/183","mathrmartins","mathrmartins","authored and assigned","back-end; audit","","03/10/2025 10:09:34","03/10/2025 10:09:34","","Untriaged","Pending issue review","Pending code review","Undetermined","Undetermined","Pending requirements review","Undetermined","Not reviewed","","","","2026-10-03 13:53:32 UTC"
"184","Enterprise Audit Module Implementation","open","https://github.com/gameguild-gg/gameguild/issues/184","mathrmartins","mathrmartins","authored and assigned","back-end; audit","","03/10/2025 10:09:39","30/11/2025 21:37:02","","Untriaged","Pending issue review","Pending code review","Undetermined","Undetermined","Pending requirements review","Undetermined","Not reviewed","","","","2026-10-03 13:53:32 UTC"
"185","Export Functionality","open","https://github.com/gameguild-gg/gameguild/issues/185","mathrmartins","mathrmartins","authored and assigned","back-end; audit","","03/10/2025 10:09:41","03/10/2025 10:09:41","","Untriaged","Pending issue review","Pending code review","Undetermined","Undetermined","Pending requirements review","Undetermined","Not reviewed","","","","2026-10-03 13:53:32 UTC"
"186","Field-Level Data Access Auditing with Sensitive Field Masking","open","https://github.com/gameguild-gg/gameguild/issues/186","mathrmartins","mathrmartins","authored and assigned","back-end; audit","","03/10/2025 10:09:43","03/10/2025 10:09:43","","Untriaged","Pending issue review","Pending code review","Undetermined","Undetermined","Pending requirements review","Undetermined","Not reviewed","","","","2026-10-03 13:53:32 UTC"
"187","Geographic IP-Based Access Pattern Analysis & Alerts","open","https://github.com/gameguild-gg/gameguild/issues/187","mathrmartins","mathrmartins","authored and assigned","back-end; audit","","03/10/2025 10:09:46","03/10/2025 10:11:16","","Untriaged","Pending issue review","Pending code review","Undetermined","Undetermined","Pending requirements review","Undetermined","Not reviewed","","","","2026-10-03 13:53:32 UTC"
"188","Permission Change Tracking","open","https://github.com/gameguild-gg/gameguild/issues/188","mathrmartins","mathrmartins","authored and assigned","back-end; audit","","03/10/2025 10:09:48","03/10/2025 10:09:48","","Untriaged","Pending issue review","Pending code review","Undetermined","Undetermined","Pending requirements review","Undetermined","Not reviewed","","","","2026-10-03 13:53:32 UTC"
"189","Permission Grant/Revoke History","open","https://github.com/gameguild-gg/gameguild/issues/189","mathrmartins","mathrmartins","authored and assigned","back-end; audit","","03/10/2025 10:09:51","03/10/2025 10:09:51","","Untriaged","Pending issue review","Pending code review","Undetermined","Undetermined","Pending requirements review","Undetermined","Not reviewed","","","","2026-10-03 13:53:32 UTC"
"190","Privacy & Compliance Event Logging","open","https://github.com/gameguild-gg/gameguild/issues/190","mathrmartins","mathrmartins","authored and assigned","back-end; audit","","03/10/2025 10:09:53","03/10/2025 10:09:53","","Untriaged","Pending issue review","Pending code review","Undetermined","Undetermined","Pending requirements review","Undetermined","Not reviewed","","","","2026-10-03 13:53:32 UTC"
"191","Real-Time Anomaly Detection on Privileged Operations","open","https://github.com/gameguild-gg/gameguild/issues/191","mathrmartins","mathrmartins","authored and assigned","back-end; audit","","03/10/2025 10:09:55","03/10/2025 10:11:31","","Untriaged","Pending issue review","Pending code review","Undetermined","Undetermined","Pending requirements review","Undetermined","Not reviewed","","","","2026-10-03 13:53:32 UTC"
"192","Redaction & Tokenization Pipeline for PII in Structured Logs","open","https://github.com/gameguild-gg/gameguild/issues/192","mathrmartins","mathrmartins","authored and assigned","back-end; audit","","03/10/2025 10:09:58","03/10/2025 10:11:33","","Untriaged","Pending issue review","Pending code review","Undetermined","Undetermined","Pending requirements review","Undetermined","Not reviewed","","","","2026-10-03 13:53:32 UTC"
"193","Retention Policy Management","open","https://github.com/gameguild-gg/gameguild/issues/193","mathrmartins","mathrmartins","authored and assigned","back-end; audit","","03/10/2025 10:10:01","03/10/2025 10:11:41","","Untriaged","Pending issue review","Pending code review","Undetermined","Undetermined","Pending requirements review","Undetermined","Not reviewed","","","","2026-10-03 13:53:32 UTC"
"194","Automated Retention Policy Simulation & Storage Cost Forecasting","open","https://github.com/gameguild-gg/gameguild/issues/194","mathrmartins","mathrmartins","authored and assigned","back-end; audit","","03/10/2025 10:10:06","03/10/2025 10:11:41","","Untriaged","Pending issue review","Pending code review","Undetermined","Undetermined","Pending requirements review","Undetermined","Not reviewed","","","","2026-10-03 13:53:32 UTC"
"195","[Enhancement]: risk assessment reporting","open","https://github.com/gameguild-gg/gameguild/issues/195","mathrmartins","mathrmartins","authored and assigned","back-end; audit","","03/10/2025 10:10:08","03/10/2025 10:11:49","","Untriaged","Pending issue review","Pending code review","Undetermined","Undetermined","Pending requirements review","Undetermined","Not reviewed","","","","2026-10-03 13:53:32 UTC"
"196","Risk Categorization Heuristics Across Modules","open","https://github.com/gameguild-gg/gameguild/issues/196","mathrmartins","mathrmartins","authored and assigned","back-end; audit","","03/10/2025 10:10:11","03/10/2025 10:11:50","","Untriaged","Pending issue review","Pending code review","Undetermined","Undetermined","Pending requirements review","Undetermined","Not reviewed","","","","2026-10-03 13:53:32 UTC"
"197","[Enhancement]: risk categorization high medium low","closed","https://github.com/gameguild-gg/gameguild/issues/197","mathrmartins","mathrmartins","authored and assigned","back-end; audit","","03/10/2025 10:10:13","02/10/2026 22:39:01","02/10/2026 22:39:01","Untriaged","Pending issue review","Pending code review","Undetermined","Undetermined","Pending requirements review","Undetermined","Not reviewed","","","","2026-10-03 13:53:32 UTC"
"198","Risk Categorization Reporting","open","https://github.com/gameguild-gg/gameguild/issues/198","mathrmartins","mathrmartins","authored and assigned","back-end; audit","","03/10/2025 10:10:16","03/10/2025 10:12:07","","Untriaged","Pending issue review","Pending code review","Undetermined","Undetermined","Pending requirements review","Undetermined","Not reviewed","","","","2026-10-03 13:53:32 UTC"
"199","Scheduled Audit Export Jobs & Secure Delivery","open","https://github.com/gameguild-gg/gameguild/issues/199","mathrmartins","mathrmartins","authored and assigned","back-end; audit","","03/10/2025 10:10:19","03/10/2025 10:12:02","","Untriaged","Pending issue review","Pending code review","Undetermined","Undetermined","Pending requirements review","Undetermined","Not reviewed","","","","2026-10-03 13:53:32 UTC"
"200","Security Events Tracking","open","https://github.com/gameguild-gg/gameguild/issues/200","mathrmartins","mathrmartins","authored and assigned","back-end; audit","","03/10/2025 10:10:21","03/10/2025 10:12:06","","Untriaged","Pending issue review","Pending code review","Undetermined","Undetermined","Pending requirements review","Undetermined","Not reviewed","","","","2026-10-03 13:53:32 UTC"
"201","Audit Event Forwarding to SIEM Systems","open","https://github.com/gameguild-gg/gameguild/issues/201","mathrmartins","mathrmartins","authored and assigned","back-end; audit","","03/10/2025 10:10:24","03/10/2025 10:12:14","","Untriaged","Pending issue review","Pending code review","Undetermined","Undetermined","Pending requirements review","Undetermined","Not reviewed","","","","2026-10-03 13:53:32 UTC"
"202","Structured Logging Integration","open","https://github.com/gameguild-gg/gameguild/issues/202","mathrmartins","mathrmartins","authored and assigned","back-end; audit","","03/10/2025 10:10:26","03/10/2025 10:12:18","","Untriaged","Pending issue review","Pending code review","Undetermined","Undetermined","Pending requirements review","Undetermined","Not reviewed","","","","2026-10-03 13:53:32 UTC"
"203","[Enhancement]: system changes tracking","open","https://github.com/gameguild-gg/gameguild/issues/203","mathrmartins","mathrmartins","authored and assigned","back-end; audit","","03/10/2025 10:10:29","03/10/2025 10:12:19","","Untriaged","Pending issue review","Pending code review","Undetermined","Undetermined","Pending requirements review","Undetermined","Not reviewed","","","","2026-10-03 13:53:32 UTC"
"204","Tamper-Evident Append-Only Audit Log Store","open","https://github.com/gameguild-gg/gameguild/issues/204","mathrmartins","mathrmartins","authored and assigned","back-end; audit","","03/10/2025 10:10:33","03/10/2025 10:12:30","","Untriaged","Pending issue review","Pending code review","Undetermined","Undetermined","Pending requirements review","Undetermined","Not reviewed","","","","2026-10-03 13:53:32 UTC"
"205","Tenant Operations Tracking","open","https://github.com/gameguild-gg/gameguild/issues/205","mathrmartins","mathrmartins","authored and assigned","back-end; audit","","03/10/2025 10:10:36","03/10/2025 10:12:29","","Untriaged","Pending issue review","Pending code review","Undetermined","Undetermined","Pending requirements review","Undetermined","Not reviewed","","","","2026-10-03 13:53:32 UTC"
"206","User Management CRUD Tracking","open","https://github.com/gameguild-gg/gameguild/issues/206","mathrmartins","mathrmartins","authored and assigned","back-end; audit","","03/10/2025 10:10:39","03/10/2025 10:12:37","","Untriaged","Pending issue review","Pending code review","Undetermined","Undetermined","Pending requirements review","Undetermined","Not reviewed","","","","2026-10-03 13:53:32 UTC"
"207","User & Tenant Lifecycle Auditing","open","https://github.com/gameguild-gg/gameguild/issues/207","mathrmartins","mathrmartins","authored and assigned","back-end; audit","","03/10/2025 10:10:41","03/10/2025 10:12:43","","Untriaged","Pending issue review","Pending code review","Undetermined","Undetermined","Pending requirements review","Undetermined","Not reviewed","","","","2026-10-03 13:53:32 UTC"
"208","[Enhancement]: Account Lockout Protection (Brute Force)","closed","https://github.com/gameguild-gg/gameguild/issues/208","mathrmartins","mathrmartins","authored and assigned","back-end; authentication","","03/10/2025 10:10:44","26/09/2026 11:01:01","26/09/2026 11:01:01","Untriaged","Pending issue review","Pending code review","Undetermined","Undetermined","Pending requirements review","Undetermined","Not reviewed","","","","2026-10-03 13:53:32 UTC"
"209","[Enhancement]: Account Recovery with Delegated Trusted Contacts / Passkey Fallback","open","https://github.com/gameguild-gg/gameguild/issues/209","mathrmartins","mathrmartins","authored and assigned","back-end; authentication","","03/10/2025 10:10:47","03/10/2025 10:17:28","","Untriaged","Pending issue review","Pending code review","Undetermined","Undetermined","Pending requirements review","Undetermined","Not reviewed","","","","2026-10-03 13:53:32 UTC"
"210","[Enhancement]: Active Session Listing & Bulk Revocation","closed","https://github.com/gameguild-gg/gameguild/issues/210","mathrmartins","mathrmartins","authored and assigned","back-end; authentication","","03/10/2025 10:10:49","26/09/2026 11:05:14","26/09/2026 11:05:14","Untriaged","Pending issue review","Pending code review","Undetermined","Undetermined","Pending requirements review","Undetermined","Not reviewed","","","","2026-10-03 13:53:32 UTC"
"211","[Enhancement]: Adaptive Risk-Based Authentication (Geo-Velocity, IP Reputation, Device Anomaly)","open","https://github.com/gameguild-gg/gameguild/issues/211","mathrmartins","mathrmartins","authored and assigned","back-end; authentication","","03/10/2025 10:10:52","03/10/2025 10:17:33","","Untriaged","Pending issue review","Pending code review","Undetermined","Undetermined","Pending requirements review","Undetermined","Not reviewed","","","","2026-10-03 13:53:32 UTC"
"212","[Enhancement]: Anomaly Detection & Behavioral Risk Scoring","open","https://github.com/gameguild-gg/gameguild/issues/212","mathrmartins","mathrmartins","authored and assigned","back-end; authentication","","03/10/2025 10:10:56","03/10/2025 10:17:35","","Untriaged","Pending issue review","Pending code review","Undetermined","Undetermined","Pending requirements review","Undetermined","Not reviewed","","","","2026-10-03 13:53:32 UTC"
"213","[Enhancement]: Anonymous Authentication for Guest Access","open","https://github.com/gameguild-gg/gameguild/issues/213","mathrmartins","mathrmartins","authored and assigned","back-end; authentication","","03/10/2025 10:10:58","03/10/2025 10:17:38","","Untriaged","Pending issue review","Pending code review","Undetermined","Undetermined","Pending requirements review","Undetermined","Not reviewed","","","","2026-10-03 13:53:32 UTC"
"214","[Enhancement]: API Key Authentication for Service Integration","open","https://github.com/gameguild-gg/gameguild/issues/214","mathrmartins","mathrmartins","authored and assigned","back-end; authentication","","03/10/2025 10:11:06","03/10/2025 10:17:40","","Untriaged","Pending issue review","Pending code review","Undetermined","Undetermined","Pending requirements review","Undetermined","Not reviewed","","","","2026-10-03 13:53:32 UTC"
"215","[Enhancement]: API Key Lifecycle Management (Rotation, Scoping, Audit)","open","https://github.com/gameguild-gg/gameguild/issues/215","mathrmartins","mathrmartins","authored and assigned","back-end; authentication","","03/10/2025 10:11:09","03/10/2025 10:17:43","","Untriaged","Pending issue review","Pending code review","Undetermined","Undetermined","Pending requirements review","Undetermined","Not reviewed","","","","2026-10-03 13:53:32 UTC"
"216","[Enhancement]: AuditService Integration - Authentication Logging","open","https://github.com/gameguild-gg/gameguild/issues/216","mathrmartins","mathrmartins","authored and assigned","back-end; authentication","","03/10/2025 10:11:12","03/10/2025 10:17:46","","Untriaged","Pending issue review","Pending code review","Undetermined","Undetermined","Pending requirements review","Undetermined","Not reviewed","","","","2026-10-03 13:53:32 UTC"
"217","[Enhancement]: AuthenticationAnomalyService - Risk Scoring & Anomaly Detection","open","https://github.com/gameguild-gg/gameguild/issues/217","mathrmartins","mathrmartins","authored and assigned","back-end; authentication","","03/10/2025 10:11:14","03/10/2025 10:17:48","","Untriaged","Pending issue review","Pending code review","Undetermined","Undetermined","Pending requirements review","Undetermined","Not reviewed","","","","2026-10-03 13:53:32 UTC"
"218","[Enhancement]: AuthenticationConverter - DTO Transformations","open","https://github.com/gameguild-gg/gameguild/issues/218","mathrmartins","mathrmartins","authored and assigned","back-end; authentication","","03/10/2025 10:11:17","03/10/2025 10:17:51","","Untriaged","Pending issue review","Pending code review","Undetermined","Undetermined","Pending requirements review","Undetermined","Not reviewed","","","","2026-10-03 13:53:32 UTC"
"219","[Enhancement]: AuthenticationService - Clean Architecture Orchestration Layer","open","https://github.com/gameguild-gg/gameguild/issues/219","mathrmartins","mathrmartins","authored and assigned","back-end; authentication","","03/10/2025 10:11:19","03/10/2025 10:17:54","","Untriaged","Pending issue review","Pending code review","Undetermined","Undetermined","Pending requirements review","Undetermined","Not reviewed","","","","2026-10-03 13:53:32 UTC"
"220","[Enhancement]: Authentication Service Orchestration Layer","closed","https://github.com/gameguild-gg/gameguild/issues/220","mathrmartins","mathrmartins","authored and assigned","back-end; authentication","","03/10/2025 10:11:22","01/10/2026 14:14:25","25/09/2026 16:48:59","Untriaged","Pending issue review","Pending code review","Undetermined","Undetermined","Pending requirements review","Undetermined","Not reviewed","","","","2026-10-03 13:53:32 UTC"
"221","[Enhancement]: Authentication State Management","open","https://github.com/gameguild-gg/gameguild/issues/221","mathrmartins","mathrmartins","authored and assigned","back-end; authentication","","03/10/2025 10:11:25","03/10/2025 10:17:59","","Untriaged","Pending issue review","Pending code review","Undetermined","Undetermined","Pending requirements review","Undetermined","Not reviewed","","","","2026-10-03 13:53:32 UTC"
"222","[Enhancement]: Automatic Username Slugification","open","https://github.com/gameguild-gg/gameguild/issues/222","mathrmartins","mathrmartins","authored and assigned","back-end; authentication","","03/10/2025 10:11:27","03/10/2025 10:18:02","","Untriaged","Pending issue review","Pending code review","Undetermined","Undetermined","Pending requirements review","Undetermined","Not reviewed","","","","2026-10-03 13:53:32 UTC"
"223","[Enhancement]: Backup Codes & Recovery Mechanisms","open","https://github.com/gameguild-gg/gameguild/issues/223","mathrmartins","mathrmartins","authored and assigned","back-end; authentication","","03/10/2025 10:11:30","26/09/2026 11:28:06","","Untriaged","Pending issue review","Pending code review","Undetermined","Undetermined","Pending requirements review","Undetermined","Not reviewed","","","","2026-10-03 13:53:32 UTC"
"224","[Enhancement]: Blockchain Anchoring for Certificates (Auth-Adjacent Trust Evidence)","open","https://github.com/gameguild-gg/gameguild/issues/224","mathrmartins","mathrmartins","authored and assigned","back-end; authentication","","03/10/2025 10:11:34","26/09/2026 11:32:34","","Untriaged","Pending issue review","Pending code review","Undetermined","Undetermined","Pending requirements review","Undetermined","Not reviewed","","","","2026-10-03 13:53:32 UTC"
"225","[Enhancement]: Credential Lifecycle Management (Create, Update, Activate, Deactivate, Delete, Restore)","open","https://github.com/gameguild-gg/gameguild/issues/225","mathrmartins","mathrmartins","authored and assigned","back-end; authentication","","03/10/2025 10:11:36","26/09/2026 11:43:17","","Untriaged","Pending issue review","Pending code review","Undetermined","Undetermined","Pending requirements review","Undetermined","Not reviewed","","","","2026-10-03 13:53:32 UTC"
"226","[Enhancement]: Credential Storage Encryption","open","https://github.com/gameguild-gg/gameguild/issues/226","mathrmartins","mathrmartins","authored and assigned","back-end; authentication","","03/10/2025 10:11:39","26/09/2026 11:40:23","","Untriaged","Pending issue review","Pending code review","Undetermined","Undetermined","Pending requirements review","Undetermined","Not reviewed","","","","2026-10-03 13:53:32 UTC"
"227","[Enhancement]: Credential Stuffing Detection Integration (Threat Intel Feeds)","open","https://github.com/gameguild-gg/gameguild/issues/227","mathrmartins","mathrmartins","authored and assigned","back-end; authentication","","03/10/2025 10:11:41","26/09/2026 11:44:17","","Untriaged","Pending issue review","Pending code review","Undetermined","Undetermined","Pending requirements review","Undetermined","Not reviewed","","","","2026-10-03 13:53:32 UTC"
"228","[Enhancement]: Credential Verification Commands & Restore Operations","open","https://github.com/gameguild-gg/gameguild/issues/228","mathrmartins","mathrmartins","authored and assigned","back-end; authentication","","03/10/2025 10:11:44","26/09/2026 11:43:18","","Untriaged","Pending issue review","Pending code review","Undetermined","Undetermined","Pending requirements review","Undetermined","Not reviewed","","","","2026-10-03 13:53:32 UTC"
"229","[Enhancement]: Device Information Capture & Fingerprinting","open","https://github.com/gameguild-gg/gameguild/issues/229","mathrmartins","mathrmartins","authored and assigned","back-end; authentication","","03/10/2025 10:11:47","03/10/2025 10:18:20","","Untriaged","Pending issue review","Pending code review","Undetermined","Undetermined","Pending requirements review","Undetermined","Not reviewed","","","","2026-10-03 13:53:32 UTC"
"230","[Enhancement]: DTO Converters & Polymorphic Credential Deserialization","closed","https://github.com/gameguild-gg/gameguild/issues/230","mathrmartins","mathrmartins","authored and assigned","back-end; authentication","","03/10/2025 10:11:49","26/09/2026 11:59:52","26/09/2026 11:59:52","Untriaged","Pending issue review","Pending code review","Undetermined","Undetermined","Pending requirements review","Undetermined","Not reviewed","","","","2026-10-03 13:53:32 UTC"
"231","[Enhancement]: EmailService Integration - Verification & Notifications","open","https://github.com/gameguild-gg/gameguild/issues/231","mathrmartins","mathrmartins","authored and assigned","back-end; authentication","","03/10/2025 10:11:52","26/09/2026 12:09:15","","Untriaged","Pending issue review","Pending code review","Undetermined","Undetermined","Pending requirements review","Undetermined","Not reviewed","","","","2026-10-03 13:53:32 UTC"
"232","[Enhancement]: Email Verification for Signup","closed","https://github.com/gameguild-gg/gameguild/issues/232","mathrmartins","mathrmartins","authored and assigned","back-end; authentication","","03/10/2025 10:11:54","26/09/2026 11:56:20","26/09/2026 11:56:20","Untriaged","Pending issue review","Pending code review","Undetermined","Undetermined","Pending requirements review","Undetermined","Not reviewed","","","","2026-10-03 13:53:32 UTC"
"233","[Enhancement]: EnhancedAuthService - Full Authentication Orchestration","open","https://github.com/gameguild-gg/gameguild/issues/233","mathrmartins","mathrmartins","authored and assigned","back-end; authentication","","03/10/2025 10:11:56","26/09/2026 12:11:42","","Untriaged","Pending issue review","Pending code review","Undetermined","Undetermined","Pending requirements review","Undetermined","Not reviewed","","","","2026-10-03 13:53:32 UTC"
"234","[Enhancement]: FIDO2 / WebAuthn (Passkeys, Hardware Keys) Authentication","open","https://github.com/gameguild-gg/gameguild/issues/234","mathrmartins","mathrmartins","authored and assigned","back-end; authentication","","03/10/2025 10:12:01","26/09/2026 12:06:13","","Untriaged","Pending issue review","Pending code review","Undetermined","Undetermined","Pending requirements review","Undetermined","Not reviewed","","","","2026-10-03 13:53:32 UTC"
"235","[Enhancement]: Generic/Extensible OAuth Provider Framework","open","https://github.com/gameguild-gg/gameguild/issues/235","mathrmartins","mathrmartins","authored and assigned","back-end; authentication","","03/10/2025 10:12:04","26/09/2026 12:11:43","","Untriaged","Pending issue review","Pending code review","Undetermined","Undetermined","Pending requirements review","Undetermined","Not reviewed","","","","2026-10-03 13:53:32 UTC"
"236","[Enhancement]: Identity Verification (KYC) Workflows","open","https://github.com/gameguild-gg/gameguild/issues/236","mathrmartins","mathrmartins","authored and assigned","back-end; authentication","","03/10/2025 10:12:07","26/09/2026 12:11:44","","Untriaged","Pending issue review","Pending code review","Undetermined","Undetermined","Pending requirements review","Undetermined","Not reviewed","","","","2026-10-03 13:53:32 UTC"
"237","[Enhancement]: JWT Generation & Validation","closed","https://github.com/gameguild-gg/gameguild/issues/237","mathrmartins","mathrmartins","authored and assigned","back-end; authentication","","03/10/2025 10:12:09","26/09/2026 12:16:10","26/09/2026 12:16:10","Untriaged","Pending issue review","Pending code review","Undetermined","Undetermined","Pending requirements review","Undetermined","Not reviewed","","","","2026-10-03 13:53:32 UTC"
"238","[Enhancement]: JWT Generation & Validation","closed","https://github.com/gameguild-gg/gameguild/issues/238","mathrmartins","mathrmartins","authored and assigned","back-end; authentication","","03/10/2025 10:12:12","26/09/2026 12:16:07","25/09/2026 16:49:00","Untriaged","Pending issue review","Pending code review","Undetermined","Undetermined","Pending requirements review","Undetermined","Not reviewed","","","","2026-10-03 13:53:32 UTC"
"239","[Enhancement]: KYC Verification Status Tracking","closed","https://github.com/gameguild-gg/gameguild/issues/239","mathrmartins","mathrmartins","authored and assigned","back-end; authentication","","03/10/2025 10:12:15","26/09/2026 12:16:12","26/09/2026 12:16:12","Untriaged","Pending issue review","Pending code review","Undetermined","Undetermined","Pending requirements review","Undetermined","Not reviewed","","","","2026-10-03 13:53:32 UTC"
"240","[Enhancement]: Local Sign-in with Email/Password","closed","https://github.com/gameguild-gg/gameguild/issues/240","mathrmartins","mathrmartins","authored and assigned","back-end; authentication","","03/10/2025 10:12:17","26/09/2026 12:16:15","26/09/2026 12:16:15","Untriaged","Pending issue review","Pending code review","Undetermined","Undetermined","Pending requirements review","Undetermined","Not reviewed","","","","2026-10-03 13:53:32 UTC"
"241","[Enhancement]: Local Sign-up with Email/Password","closed","https://github.com/gameguild-gg/gameguild/issues/241","mathrmartins","mathrmartins","authored and assigned","back-end; authentication","","03/10/2025 10:12:20","26/09/2026 12:21:45","26/09/2026 12:21:45","Untriaged","Pending issue review","Pending code review","Undetermined","Undetermined","Pending requirements review","Undetermined","Not reviewed","","","","2026-10-03 13:53:32 UTC"
"242","[Enhancement]: Login Attempt Forensics & Geolocation","open","https://github.com/gameguild-gg/gameguild/issues/242","mathrmartins","mathrmartins","authored and assigned","back-end; authentication","","03/10/2025 10:12:23","26/09/2026 12:23:18","","Untriaged","Pending issue review","Pending code review","Undetermined","Undetermined","Pending requirements review","Undetermined","Not reviewed","","","","2026-10-03 13:53:32 UTC"
"243","[Enhancement]: MfaService - TOTP & Backup Codes Management","closed","https://github.com/gameguild-gg/gameguild/issues/243","mathrmartins","mathrmartins","authored and assigned","back-end; authentication","","03/10/2025 10:12:25","26/09/2026 11:27:38","26/09/2026 11:27:38","Untriaged","Pending issue review","Pending code review","Undetermined","Undetermined","Pending requirements review","Undetermined","Not reviewed","","","","2026-10-03 13:53:32 UTC"
"244","[Enhancement]: Multi-Factor Authentication (MFA) System","open","https://github.com/gameguild-gg/gameguild/issues/244","mathrmartins","mathrmartins","authored and assigned","back-end; authentication","","03/10/2025 10:12:30","26/09/2026 12:23:20","","Untriaged","Pending issue review","Pending code review","Undetermined","Undetermined","Pending requirements review","Undetermined","Not reviewed","","","","2026-10-03 13:53:32 UTC"
"245","[Enhancement]: Multiple Credential Types Support (OAuth, API Keys, Certificates, etc.)","open","https://github.com/gameguild-gg/gameguild/issues/245","mathrmartins","mathrmartins","authored and assigned","back-end; authentication","","03/10/2025 10:12:33","26/09/2026 12:29:45","","Untriaged","Pending issue review","Pending code review","Undetermined","Undetermined","Pending requirements review","Undetermined","Not reviewed","","","","2026-10-03 13:53:32 UTC"
"246","[Enhancement]: Multi-Provider OAuth Authentication System","open","https://github.com/gameguild-gg/gameguild/issues/246","mathrmartins","mathrmartins","authored and assigned","back-end; authentication","","03/10/2025 10:12:35","26/09/2026 12:29:46","","Untriaged","Pending issue review","Pending code review","Undetermined","Undetermined","Pending requirements review","Undetermined","Not reviewed","","","","2026-10-03 13:53:32 UTC"
"247","[Enhancement]: NotificationService Integration - Security Events","open","https://github.com/gameguild-gg/gameguild/issues/247","mathrmartins","mathrmartins","authored and assigned","back-end; authentication","","03/10/2025 10:12:38","26/09/2026 12:29:47","","Untriaged","Pending issue review","Pending code review","Undetermined","Undetermined","Pending requirements review","Undetermined","Not reviewed","","","","2026-10-03 13:53:32 UTC"
"248","[Enhancement]: OAuth GitHub Provider Integration","closed","https://github.com/gameguild-gg/gameguild/issues/248","mathrmartins","mathrmartins","authored and assigned","back-end; authentication","","03/10/2025 10:12:41","26/09/2026 12:28:25","26/09/2026 12:28:25","Untriaged","Pending issue review","Pending code review","Undetermined","Undetermined","Pending requirements review","Undetermined","Not reviewed","","","","2026-10-03 13:53:32 UTC"
"249","[Enhancement]: OAuth Google Provider Integration","closed","https://github.com/gameguild-gg/gameguild/issues/249","mathrmartins","mathrmartins","authored and assigned","back-end; authentication","","03/10/2025 10:12:44","26/09/2026 12:28:27","26/09/2026 12:28:27","Untriaged","Pending issue review","Pending code review","Undetermined","Undetermined","Pending requirements review","Undetermined","Not reviewed","","","","2026-10-03 13:53:32 UTC"
"250","[Enhancement]: Fine-Grained OAuth Scope & Consent Screen Management","open","https://github.com/gameguild-gg/gameguild/issues/250","mathrmartins","mathrmartins","authored and assigned","back-end; authentication","","03/10/2025 10:12:46","26/09/2026 12:29:48","","Untriaged","Pending issue review","Pending code review","Undetermined","Undetermined","Pending requirements review","Undetermined","Not reviewed","","","","2026-10-03 13:53:32 UTC"
"251","[Enhancement]: Password History (Prevent Reuse)","closed","https://github.com/gameguild-gg/gameguild/issues/251","mathrmartins","mathrmartins","authored and assigned","back-end; authentication","","03/10/2025 10:12:48","30/09/2026 10:51:20","30/09/2026 10:51:20","Authentication and identity","Keep the five most recently replaced password hashes, reject reuse during authenticated changes and email resets, protect history with optimistic concurrency, and exclude history from user serialization.","PR #579 merged to develop at a0c768c74f50b4bc956dca7c7ec36afc9d96381f; the issue closure comment cites implementation and focused/integration tests.","None identified","None identified","Focused history and handler tests: 20 passed; PostgreSQL history/concurrency integration: 1 passed; full API solution build: 0 warnings and errors.","Resolved and closed after merge and acceptance evidence.","Closed 2026-09-30; GitHub evidence: https://github.com/gameguild-gg/gameguild/issues/251#issuecomment-5909712349","https://github.com/gameguild-gg/gameguild/pull/579","a0c768c74f50b4bc956dca7c7ec36afc9d96381f","API verify: passed; migration compatibility: passed; OpenAPI consistency: passed; CodeQL: passed; repository policy: passed; PR gate: passed; Codacy tool internal error","2026-10-03 13:53:32 UTC"
"252","[Enhancement]: Passwordless Magic-Link & One-Time Email Code Flows","open","https://github.com/gameguild-gg/gameguild/issues/252","mathrmartins","mathrmartins","authored and assigned","back-end; authentication","","03/10/2025 10:12:52","26/09/2026 12:34:58","","Untriaged","Pending issue review","Pending code review","Undetermined","Undetermined","Pending requirements review","Undetermined","Not reviewed","","","","2026-10-03 13:53:32 UTC"
"253","[Enhancement]: Password Reset via Email","closed","https://github.com/gameguild-gg/gameguild/issues/253","mathrmartins","mathrmartins","authored and assigned","back-end; authentication","","03/10/2025 10:12:54","26/09/2026 12:34:00","26/09/2026 12:34:00","Untriaged","Pending issue review","Pending code review","Undetermined","Undetermined","Pending requirements review","Undetermined","Not reviewed","","","","2026-10-03 13:53:32 UTC"
"254","[Enhancement]: PasswordService - Password Hashing & Verification","closed","https://github.com/gameguild-gg/gameguild/issues/254","mathrmartins","mathrmartins","authored and assigned","back-end; authentication","","03/10/2025 10:12:59","26/09/2026 12:34:03","26/09/2026 12:34:03","Untriaged","Pending issue review","Pending code review","Undetermined","Undetermined","Pending requirements review","Undetermined","Not reviewed","","","","2026-10-03 13:53:32 UTC"
"255","[Enhancement]: Password Strength & Complexity Rules","closed","https://github.com/gameguild-gg/gameguild/issues/255","mathrmartins","mathrmartins","authored and assigned","back-end; authentication","","03/10/2025 10:13:01","26/09/2026 12:34:06","26/09/2026 12:34:06","Untriaged","Pending issue review","Pending code review","Undetermined","Undetermined","Pending requirements review","Undetermined","Not reviewed","","","","2026-10-03 13:53:32 UTC"
"256","[Enhancement]: Permission Change Tracking & Audit","closed","https://github.com/gameguild-gg/gameguild/issues/256","mathrmartins","mathrmartins","authored and assigned","back-end; authentication","","03/10/2025 10:13:04","26/09/2026 12:34:08","26/09/2026 12:34:08","Untriaged","Pending issue review","Pending code review","Undetermined","Undetermined","Pending requirements review","Undetermined","Not reviewed","","","","2026-10-03 13:53:32 UTC"
"257","[Enhancement]: Phone Number Authentication","open","https://github.com/gameguild-gg/gameguild/issues/257","mathrmartins","mathrmartins","authored and assigned","back-end; authentication","","03/10/2025 10:13:06","26/09/2026 13:00:05","","Untriaged","Pending issue review","Pending code review","Undetermined","Undetermined","Pending requirements review","Undetermined","Not reviewed","","","","2026-10-03 13:53:32 UTC"
"258","[Enhancement]: Polymorphic Credential Sign-in (Email/Phone/Username)","open","https://github.com/gameguild-gg/gameguild/issues/258","mathrmartins","mathrmartins","authored and assigned","back-end; authentication","","03/10/2025 10:13:09","26/09/2026 13:00:05","","Untriaged","Pending issue review","Pending code review","Undetermined","Undetermined","Pending requirements review","Undetermined","Not reviewed","","","","2026-10-03 13:53:32 UTC"
"259","[Enhancement]: Push-Based MFA (Mobile App Approvals)","open","https://github.com/gameguild-gg/gameguild/issues/259","mathrmartins","mathrmartins","authored and assigned","back-end; authentication","","03/10/2025 10:13:12","26/09/2026 13:00:05","","Untriaged","Pending issue review","Pending code review","Undetermined","Undetermined","Pending requirements review","Undetermined","Not reviewed","","","","2026-10-03 13:53:32 UTC"
"260","[Enhancement]: Rate Limit Bucket Isolation per Credential Type (API Key vs User)","closed","https://github.com/gameguild-gg/gameguild/issues/260","mathrmartins","mathrmartins","authored and assigned","back-end; authentication","","03/10/2025 10:13:14","30/09/2026 19:30:19","29/09/2026 20:25:50","API foundation and rate limiting","The issue body is empty. Inferred from the title: a validated API key must use a distinct rate-limit bucket from its owning authenticated user; a raw/unvalidated key header must not control the bucket.","PR #582 merged to develop at 47f640b56a0b0e2dd51ad9800fe08e92be5bfb74. API-key authentication emits api_key_id/auth_method claims; GetApiKeyPartitionKey uses the validated key ID and otherwise falls back to user/IP. RateLimitingServiceCollectionExtensionsTests cover authenticated key ID use, separation from the same owner user bucket, global limiter isolation, and rejection of an unvalidated raw header. API rate-limit 28/28, Redis failure-mode 14/14 and Redis integration 16/16 tests passed; GitHub checks passed.","None identified","Validated API-key authentication and the shared Redis/in-memory rate limiter; implemented in PR #582.","Acceptance evidence recorded: API-key/user bucket isolation, unvalidated-header rejection, Redis failure-mode/integration tests, and required GitHub checks in PR #582.","Implemented and closed by PR #582. Acceptance is inferred from the title because the issue body is empty.","Independent source/test review complete; PR #582 merged to develop and GitHub issue closed at 2026-09-29T20:25:50Z. Title-derived acceptance is documented explicitly.","https://github.com/gameguild-gg/gameguild/pull/582","6f4e6ebe8","PR #582 merged to develop; API Verify, Web Verify, OpenAPI client consistency, Codacy, CodeQL, repository policy, and PR Required Gate passed. Migration compatibility and Economy Release Gate skipped by workflow conditions.","2026-10-03 13:53:32 UTC"
"261","[Enhancement]: Rate Limiting by IP/User for Login Attempts","closed","https://github.com/gameguild-gg/gameguild/issues/261","mathrmartins","mathrmartins","authored and assigned","back-end; authentication","","03/10/2025 10:13:17","30/09/2026 19:30:29","29/09/2026 20:25:50","API foundation and rate limiting","The issue body is empty. Inferred from the title: authentication requests are rate-limited by client IP before authentication and by user ID when authenticated; no separate submitted username/email partition is specified by the issue.","PR #582 merged to develop at 47f640b56a0b0e2dd51ad9800fe08e92be5bfb74. AuthController, ExternalLoginsController, ServiceAccountTokenController, and WebAuthnController apply RateLimitPolicies.Authentication. That policy uses configured limits/windows and partitions anonymous requests by trusted client IP or authenticated requests by user ID. RateLimitingServiceCollectionExtensionsTests.AuthenticationPartition_UsesClientIpForAnonymousAndUserIdForAuthenticatedRequests verifies the partition behavior. API rate-limit 28/28, Redis failure-mode 14/14 and Redis integration 16/16 tests passed; GitHub checks passed.","None identified","Shared authentication policy, trusted-proxy configuration, and Redis/in-memory rate limiter; implemented in PR #582.","Acceptance evidence recorded: anonymous-IP/authenticated-user partition test, authentication endpoint policy metadata, Redis failure-mode/integration tests, and required GitHub checks in PR #582.","Implemented and closed by PR #582. The title-only requirement is interpreted as IP partitioning before authentication and user-ID partitioning after authentication; no account-identifier dimension is claimed.","Independent source/test review complete; auth endpoint attributes and partition test verified on develop. PR #582 merged; GitHub issue closed at 2026-09-29T20:25:50Z. Acceptance is inferred from title because issue body is empty.","https://github.com/gameguild-gg/gameguild/pull/582","6f4e6ebe8","PR #582 merged to develop; API Verify, Web Verify, OpenAPI client consistency, Codacy, CodeQL, repository policy, and PR Required Gate passed. Migration compatibility and Economy Release Gate skipped by workflow conditions.","2026-10-03 13:53:32 UTC"
"262","[Enhancement]: Refresh Token Reuse Detection & Automatic Global Session Invalidation","closed","https://github.com/gameguild-gg/gameguild/issues/262","mathrmartins","mathrmartins","authored and assigned","back-end; authentication","","03/10/2025 10:13:20","30/09/2026 06:22:54","30/09/2026 06:22:54","Authentication and refresh-token security","Issue body is empty. Owner clarification requires replay of a revoked/replaced refresh token to invalidate the token family, terminate active sessions, advance the user token version, and reject prior access tokens; only one concurrent refresh rotation may claim the token.","PR #586 merged to develop; owner records merge commit dd0a7c23e1ea0afdbf07d3561842d6f2c9bfbbf9. Reuse revokes refresh tokens and active sessions, advances token version, and uses an atomic rotation claim so only one concurrent request wins. Authentication tests passed 32/32 and PostgreSQL refresh rotation tests 2/2; applicable API, OpenAPI, repository policy, and required gate passed.","No duplicate established; owner clarified the title-only request.","Refresh-token rotation, session persistence, token-version revocation middleware, and PostgreSQL integration.","Replay/reuse of revoked tokens, concurrent rotation, mismatched hashes, family-wide session invalidation, token-version rejection, and PostgreSQL persistence.","Implemented and closed after merge and verified tests.","Owner acceptance clarification, merged PR #586, Authentication/PostgreSQL test evidence, and CI gates verified on 2026-09-30.","https://github.com/gameguild-gg/gameguild/pull/586","dd0a7c23e1ea0afdbf07d3561842d6f2c9bfbbf9","Authentication UnitTests: 32 passed; PostgreSQL refresh-token rotation tests: 2 passed; API verify: passed; OpenAPI consistency: passed; Repository policy: passed; PR Required Gate: passed.","2026-10-03 13:53:32 UTC"
"263","[Enhancement]: JWT Refresh Token Rotation & Revocation","open","https://github.com/gameguild-gg/gameguild/issues/263","mathrmartins","mathrmartins","authored and assigned","back-end; authentication","","03/10/2025 10:13:24","26/09/2026 13:12:25","","Untriaged","Pending issue review","Pending code review","Undetermined","Undetermined","Pending requirements review","Undetermined","Not reviewed","","","","2026-10-03 13:53:32 UTC"
"264","[Enhancement]: Refresh Token Rotation with Revocation Detection","closed","https://github.com/gameguild-gg/gameguild/issues/264","mathrmartins","mathrmartins","authored and assigned","back-end; authentication","","03/10/2025 10:13:29","26/09/2026 13:02:49","25/09/2026 16:48:59","Untriaged","Pending issue review","Pending code review","Undetermined","Undetermined","Pending requirements review","Undetermined","Not reviewed","","","","2026-10-03 13:53:32 UTC"
"265","[Enhancement]: Remember Me & Persistent Sessions","open","https://github.com/gameguild-gg/gameguild/issues/265","mathrmartins","mathrmartins","authored and assigned","back-end; authentication","","03/10/2025 10:13:31","26/09/2026 13:12:25","","Untriaged","Pending issue review","Pending code review","Undetermined","Undetermined","Pending requirements review","Undetermined","Not reviewed","","","","2026-10-03 13:53:32 UTC"
"266","[Enhancement]: Repository Pattern - Credential Persistence","open","https://github.com/gameguild-gg/gameguild/issues/266","mathrmartins","mathrmartins","authored and assigned","back-end; authentication","","03/10/2025 10:13:34","26/09/2026 13:15:15","","Untriaged","Pending issue review","Pending code review","Undetermined","Undetermined","Pending requirements review","Undetermined","Not reviewed","","","","2026-10-03 13:53:32 UTC"
"267","[Enhancement]: Risk & Compliance Verification Hooks","open","https://github.com/gameguild-gg/gameguild/issues/267","mathrmartins","mathrmartins","authored and assigned","back-end; authentication","","03/10/2025 10:13:36","26/09/2026 13:12:25","","Untriaged","Pending issue review","Pending code review","Undetermined","Undetermined","Pending requirements review","Undetermined","Not reviewed","","","","2026-10-03 13:53:32 UTC"
"268","[Enhancement]: SAML 2.0 / OIDC Compliant Federated SSO (Enterprise Identity Providers)","open","https://github.com/gameguild-gg/gameguild/issues/268","mathrmartins","mathrmartins","authored and assigned","back-end; authentication","","03/10/2025 10:13:39","26/09/2026 13:12:25","","Untriaged","Pending issue review","Pending code review","Undetermined","Undetermined","Pending requirements review","Undetermined","Not reviewed","","","","2026-10-03 13:53:32 UTC"
"269","[Enhancement]: SCIM 2.0 User & Group Provisioning Endpoints","open","https://github.com/gameguild-gg/gameguild/issues/269","mathrmartins","mathrmartins","authored and assigned","back-end; authentication","","03/10/2025 10:13:42","26/09/2026 13:12:25","","Untriaged","Pending issue review","Pending code review","Undetermined","Undetermined","Pending requirements review","Undetermined","Not reviewed","","","","2026-10-03 13:53:32 UTC"
"270","[Enhancement]: Security Event Notifications Integration","closed","https://github.com/gameguild-gg/gameguild/issues/270","mathrmartins","mathrmartins","authored and assigned","back-end; authentication","","03/10/2025 10:13:44","26/09/2026 13:02:50","26/09/2026 13:02:50","Untriaged","Pending issue review","Pending code review","Undetermined","Undetermined","Pending requirements review","Undetermined","Not reviewed","","","","2026-10-03 13:53:32 UTC"
"271","💎 Feature Request","closed","https://github.com/gameguild-gg/gameguild/issues/271","mathrmartins","mathrmartins","authored and assigned","back-end; authentication","","03/10/2025 10:13:47","25/09/2026 16:46:17","25/09/2026 16:46:17","Product triage","No testable acceptance criteria exists. A concrete problem statement, user impact, and verifiable outcome are needed before the feature can be assessed.","Issue body is empty; owner closeout comment explains that there is no problem statement, user impact, or verifiable acceptance criteria and asks for a concrete request. https://github.com/gameguild-gg/gameguild/issues/271#issuecomment-5836050459","None identified","None identified","Not applicable until a verifiable behavior is described.","Non-actionable; keep closed. Reopen when a concrete request, impact, and acceptance criteria are added.","Live GitHub state is CLOSED since 2026-09-25. Verified the owner-authored closeout comment #5836050459; no code is implied.","","","","2026-10-03 13:53:32 UTC"
"272","API Versioning Options Configuration","closed","https://github.com/gameguild-gg/gameguild/issues/272","mathrmartins","mathrmartins","authored and assigned","back-end; api-features","","03/10/2025 10:21:38","26/09/2026 13:19:38","25/09/2026 15:38:41","Untriaged","Pending issue review","Pending code review","Undetermined","Undetermined","Pending requirements review","Undetermined","Not reviewed","","","","2026-10-03 13:53:32 UTC"
"273","Authentication Options Configuration","closed","https://github.com/gameguild-gg/gameguild/issues/273","mathrmartins","mathrmartins","authored and assigned","back-end; api-features","","03/10/2025 10:21:41","26/09/2026 13:19:40","25/09/2026 15:38:47","Untriaged","Pending issue review","Pending code review","Undetermined","Undetermined","Pending requirements review","Undetermined","Not reviewed","","","","2026-10-03 13:53:32 UTC"
"274","Authorization Options Configuration","closed","https://github.com/gameguild-gg/gameguild/issues/274","mathrmartins","mathrmartins","authored and assigned","back-end; api-features","","03/10/2025 10:21:43","26/09/2026 13:19:41","25/09/2026 15:38:53","Untriaged","Pending issue review","Pending code review","Undetermined","Undetermined","Pending requirements review","Undetermined","Not reviewed","","","","2026-10-03 13:53:32 UTC"
"275","OpenAPI Options Configuration","closed","https://github.com/gameguild-gg/gameguild/issues/275","mathrmartins","mathrmartins","authored and assigned","back-end; api-features","","03/10/2025 10:21:45","26/09/2026 13:19:43","25/09/2026 15:38:58","Untriaged","Pending issue review","Pending code review","Undetermined","Undetermined","Pending requirements review","Undetermined","Not reviewed","","","","2026-10-03 13:53:32 UTC"
"276","[Enhancement]: Security Headers Hardening Auto-Configuration (CSP, HSTS, etc.)","closed","https://github.com/gameguild-gg/gameguild/issues/276","mathrmartins","mathrmartins","authored and assigned","back-end; authentication","","03/10/2025 10:22:39","26/09/2026 13:27:31","26/09/2026 13:27:31","Untriaged","Pending issue review","Pending code review","Undetermined","Undetermined","Pending requirements review","Undetermined","Not reviewed","","","","2026-10-03 13:53:32 UTC"
"277","[Enhancement]: Security Logging & Audit Trails","open","https://github.com/gameguild-gg/gameguild/issues/277","mathrmartins","mathrmartins","authored and assigned","back-end; authentication","","03/10/2025 10:22:42","26/09/2026 13:29:33","","Untriaged","Pending issue review","Pending code review","Undetermined","Undetermined","Pending requirements review","Undetermined","Not reviewed","","","","2026-10-03 13:53:32 UTC"
"278","[Enhancement]: Advanced Session Management & Security","open","https://github.com/gameguild-gg/gameguild/issues/278","mathrmartins","mathrmartins","authored and assigned","back-end; authentication","","03/10/2025 10:22:44","26/09/2026 13:29:32","","Untriaged","Pending issue review","Pending code review","Undetermined","Undetermined","Pending requirements review","Undetermined","Not reviewed","","","","2026-10-03 13:53:32 UTC"
"279","[Enhancement]: Session Revocation on Risk Events (Device Compromise, Anomaly Triggers)","open","https://github.com/gameguild-gg/gameguild/issues/279","mathrmartins","mathrmartins","authored and assigned","back-end; authentication","","03/10/2025 10:22:49","26/09/2026 13:27:59","","Untriaged","Pending issue review","Pending code review","Undetermined","Undetermined","Pending requirements review","Undetermined","Not reviewed","","","","2026-10-03 13:53:32 UTC"
"280","[Enhancement]: Session Tracking (Devices, IP, User Agent, Fingerprint)","closed","https://github.com/gameguild-gg/gameguild/issues/280","mathrmartins","mathrmartins","authored and assigned","back-end; authentication","","03/10/2025 10:22:52","26/09/2026 13:27:42","26/09/2026 13:27:40","Untriaged","Pending issue review","Pending code review","Undetermined","Undetermined","Pending requirements review","Undetermined","Not reviewed","","","","2026-10-03 13:53:32 UTC"
"281","[Enhancement]: SessionTrackingService - Comprehensive Session Management","closed","https://github.com/gameguild-gg/gameguild/issues/281","mathrmartins","mathrmartins","authored and assigned","back-end; authentication","","03/10/2025 10:22:54","26/09/2026 13:27:45","26/09/2026 13:27:43","Untriaged","Pending issue review","Pending code review","Undetermined","Undetermined","Pending requirements review","Undetermined","Not reviewed","","","","2026-10-03 13:53:32 UTC"
"282","[Enhancement]: Social Sign-in Multi-Provider Endpoint Scaffold","closed","https://github.com/gameguild-gg/gameguild/issues/282","mathrmartins","mathrmartins","authored and assigned","back-end; authentication","","03/10/2025 10:22:57","26/09/2026 13:27:48","26/09/2026 13:27:46","Untriaged","Pending issue review","Pending code review","Undetermined","Undetermined","Pending requirements review","Undetermined","Not reviewed","","","","2026-10-03 13:53:32 UTC"
"283","[Enhancement]: Token Revocation Command (Session Invalidation)","open","https://github.com/gameguild-gg/gameguild/issues/283","mathrmartins","mathrmartins","authored and assigned","back-end; authentication","","03/10/2025 10:22:59","03/10/2025 10:22:59","","Untriaged","Pending issue review","Pending code review","Undetermined","Undetermined","Pending requirements review","Undetermined","Not reviewed","","","","2026-10-03 13:53:32 UTC"
"284","[Enhancement]: TokenService - JWT & Refresh Token Operations","closed","https://github.com/gameguild-gg/gameguild/issues/284","mathrmartins","mathrmartins","authored and assigned","back-end; authentication","","03/10/2025 10:23:02","26/09/2026 13:27:34","26/09/2026 13:27:34","Untriaged","Pending issue review","Pending code review","Undetermined","Undetermined","Pending requirements review","Undetermined","Not reviewed","","","","2026-10-03 13:53:32 UTC"
"285","[Enhancement]: TOTP MFA (QR Provisioning)","closed","https://github.com/gameguild-gg/gameguild/issues/285","mathrmartins","mathrmartins","authored and assigned","back-end; authentication","","03/10/2025 10:23:04","26/09/2026 13:27:36","26/09/2026 13:27:36","Untriaged","Pending issue review","Pending code review","Undetermined","Undetermined","Pending requirements review","Undetermined","Not reviewed","","","","2026-10-03 13:53:32 UTC"
"286","[Enhancement]: Trusted Device Management","closed","https://github.com/gameguild-gg/gameguild/issues/286","mathrmartins","mathrmartins","authored and assigned","back-end; authentication","","03/10/2025 10:23:06","26/09/2026 13:27:51","26/09/2026 13:27:49","Untriaged","Pending issue review","Pending code review","Undetermined","Undetermined","Pending requirements review","Undetermined","Not reviewed","","","","2026-10-03 13:53:32 UTC"
"287","[Enhancement]: User Enumeration Protection","closed","https://github.com/gameguild-gg/gameguild/issues/287","mathrmartins","mathrmartins","authored and assigned","back-end; authentication","","03/10/2025 10:23:09","26/09/2026 13:27:39","26/09/2026 13:27:39","Untriaged","Pending issue review","Pending code review","Undetermined","Undetermined","Pending requirements review","Undetermined","Not reviewed","","","","2026-10-03 13:53:32 UTC"
"288","[Enhancement]: UserEnumerationProtectionService - Timing Attack Prevention","closed","https://github.com/gameguild-gg/gameguild/issues/288","mathrmartins","mathrmartins","authored and assigned","back-end; authentication","","03/10/2025 10:23:11","26/09/2026 13:27:55","25/09/2026 16:49:00","Untriaged","Pending issue review","Pending code review","Undetermined","Undetermined","Pending requirements review","Undetermined","Not reviewed","","","","2026-10-03 13:53:32 UTC"
"289","[Enhancement]: Username-Based Authentication","closed","https://github.com/gameguild-gg/gameguild/issues/289","mathrmartins","mathrmartins","authored and assigned","back-end; authentication","","03/10/2025 10:23:16","26/09/2026 13:27:54","26/09/2026 13:27:52","Untriaged","Pending issue review","Pending code review","Undetermined","Undetermined","Pending requirements review","Undetermined","Not reviewed","","","","2026-10-03 13:53:32 UTC"
"290","[Enhancement]: User Privacy / Consent & Tracking Preference Flags (Integrated with Auth)","open","https://github.com/gameguild-gg/gameguild/issues/290","mathrmartins","mathrmartins","authored and assigned","back-end; authentication","","03/10/2025 10:23:18","26/09/2026 13:28:00","","Untriaged","Pending issue review","Pending code review","Undetermined","Undetermined","Pending requirements review","Undetermined","Not reviewed","","","","2026-10-03 13:53:32 UTC"
"291","[Enhancement]: Web3 Wallet Authentication System","open","https://github.com/gameguild-gg/gameguild/issues/291","mathrmartins","mathrmartins","authored and assigned","front-end; back-end; web3; authentication","","03/10/2025 10:23:22","26/09/2026 10:21:37","","Untriaged","Pending issue review","Pending code review","Undetermined","Undetermined","Pending requirements review","Undetermined","Not reviewed","","","","2026-10-03 13:53:32 UTC"
"292","[Enhancement]: Web3 Wallet Authentication (Challenge + Signature Verification)","closed","https://github.com/gameguild-gg/gameguild/issues/292","mathrmartins","mathrmartins","authored and assigned","back-end; authentication","","03/10/2025 10:23:26","26/09/2026 13:27:56","25/09/2026 16:25:59","Untriaged","Pending issue review","Pending code review","Undetermined","Undetermined","Pending requirements review","Undetermined","Not reviewed","","","","2026-10-03 13:53:32 UTC"
"293","[Enhancement]: Attribute-Based Access Control (ABAC) Policy Engine with Attribute Expressions","closed","https://github.com/gameguild-gg/gameguild/issues/293","mathrmartins","mathrmartins","authored and assigned","back-end; authorization","","03/10/2025 10:23:28","26/09/2026 13:34:21","26/09/2026 13:34:21","Untriaged","Pending issue review","Pending code review","Undetermined","Undetermined","Pending requirements review","Undetermined","Not reviewed","","","","2026-10-03 13:53:32 UTC"
"294","[Enhancement]: administrative permissions managemembers manageroles managesettings audit","open","https://github.com/gameguild-gg/gameguild/issues/294","mathrmartins","mathrmartins","authored and assigned","back-end; authorization","","03/10/2025 10:23:31","03/10/2025 10:23:31","","Untriaged","Pending issue review","Pending code review","Undetermined","Undetermined","Pending requirements review","Undetermined","Not reviewed","","","","2026-10-03 13:53:32 UTC"
"295","[Enhancement]: Administrative Permissions (ManageMembers, ManageRoles, ManageSettings, Audit)","closed","https://github.com/gameguild-gg/gameguild/issues/295","mathrmartins","mathrmartins","authored and assigned","back-end; authorization","","03/10/2025 10:23:34","01/10/2026 14:14:33","25/09/2026 16:48:59","Untriaged","Pending issue review","Pending code review","#294","Undetermined","Pending requirements review","Duplicate of #294; keep closed for tracking consolidation.","Owner comment on 2026-10-01 links the administrative-permission requirements to open canonical issue #294.","","","","2026-10-03 13:53:32 UTC"
"296","[Enhancement]: Attribute-Based Permission Enforcement Across Layers","open","https://github.com/gameguild-gg/gameguild/issues/296","mathrmartins","mathrmartins","authored and assigned","back-end; authorization","","03/10/2025 10:23:36","03/10/2025 10:23:36","","Untriaged","Pending issue review","Pending code review","Undetermined","Undetermined","Pending requirements review","Undetermined","Not reviewed","","","","2026-10-03 13:53:32 UTC"
"297","💎 Feature Request: Comprehensive Audit & Security Monitoring System","open","https://github.com/gameguild-gg/gameguild/issues/297","mathrmartins","mathrmartins","authored and assigned","back-end; authorization","","03/10/2025 10:23:38","03/10/2025 10:23:38","","Untriaged","Pending issue review","Pending code review","Undetermined","Undetermined","Pending requirements review","Undetermined","Not reviewed","","","","2026-10-03 13:53:32 UTC"
"298","[Enhancement]: Authorization API Endpoints System","open","https://github.com/gameguild-gg/gameguild/issues/298","mathrmartins","mathrmartins","authored and assigned","back-end; authorization","","03/10/2025 10:23:41","03/10/2025 10:23:41","","Untriaged","Pending issue review","Pending code review","Undetermined","Undetermined","Pending requirements review","Undetermined","Not reviewed","","","","2026-10-03 13:53:32 UTC"
"299","[Enhancement]: Authorization Architecture & Security Model System","open","https://github.com/gameguild-gg/gameguild/issues/299","mathrmartins","mathrmartins","authored and assigned","back-end; authorization","","03/10/2025 10:23:45","03/10/2025 10:23:45","","Untriaged","Pending issue review","Pending code review","Undetermined","Undetermined","Pending requirements review","Undetermined","Not reviewed","","","","2026-10-03 13:53:32 UTC"
"300","[Enhancement]: Authorization Attributes & Declarative Security System","open","https://github.com/gameguild-gg/gameguild/issues/300","mathrmartins","mathrmartins","authored and assigned","back-end; authorization","","03/10/2025 10:23:48","26/09/2026 13:38:23","","Untriaged","Pending issue review","Pending code review","Undetermined","Undetermined","Pending requirements review","Undetermined","Not reviewed","","","","2026-10-03 13:53:32 UTC"
"301","Authorization Audit & Security System","open","https://github.com/gameguild-gg/gameguild/issues/301","mathrmartins","mathrmartins","authored and assigned","back-end; authorization","","03/10/2025 10:23:51","03/10/2025 10:23:51","","Untriaged","Pending issue review","Pending code review","Undetermined","Undetermined","Pending requirements review","Undetermined","Not reviewed","","","","2026-10-03 13:53:32 UTC"
"302","[Enhancement]: Authorization Commands Management System","open","https://github.com/gameguild-gg/gameguild/issues/302","mathrmartins","mathrmartins","authored and assigned","back-end; authorization","","03/10/2025 10:23:54","03/10/2025 10:23:54","","Untriaged","Pending issue review","Pending code review","Undetermined","Undetermined","Pending requirements review","Undetermined","Not reviewed","","","","2026-10-03 13:53:32 UTC"
"303","💎 Feature Request: GraphQL Authorization System","closed","https://github.com/gameguild-gg/gameguild/issues/303","mathrmartins","mathrmartins","authored and assigned","duplicate; back-end; authorization","","03/10/2025 10:23:57","28/09/2026 12:45:12","27/09/2026 21:33:34","Untriaged","Pending issue review","Pending code review","Undetermined","Undetermined","Pending requirements review","Undetermined","Not reviewed","","","","2026-10-03 13:53:32 UTC"
"304","💎 Feature Request: Authorization Middleware & Attributes Framework","open","https://github.com/gameguild-gg/gameguild/issues/304","mathrmartins","mathrmartins","authored and assigned","back-end; authorization","","03/10/2025 10:24:00","26/09/2026 13:35:00","","Untriaged","Pending issue review","Pending code review","Undetermined","Undetermined","Pending requirements review","Undetermined","Not reviewed","","","","2026-10-03 13:53:32 UTC"
"305","Authorization Middleware & Attributes Framework","closed","https://github.com/gameguild-gg/gameguild/issues/305","mathrmartins","mathrmartins","authored and assigned","back-end; authorization","","03/10/2025 10:24:02","26/09/2026 13:35:03","26/09/2026 13:35:01","Untriaged","Pending issue review","Pending code review","Undetermined","Undetermined","Pending requirements review","Undetermined","Not reviewed","","","","2026-10-03 13:53:32 UTC"
"306","💎 Feature Request: MVC Authorization Framework","open","https://github.com/gameguild-gg/gameguild/issues/306","mathrmartins","mathrmartins","authored and assigned","back-end; authorization","","03/10/2025 10:24:05","26/09/2026 13:38:25","","Untriaged","Pending issue review","Pending code review","Undetermined","Undetermined","Pending requirements review","Undetermined","Not reviewed","","","","2026-10-03 13:53:32 UTC"
"307","[Enhancement]: Authorization Query Operations System","open","https://github.com/gameguild-gg/gameguild/issues/307","mathrmartins","mathrmartins","authored and assigned","back-end; authorization","","03/10/2025 10:24:07","03/10/2025 10:24:07","","Untriaged","Pending issue review","Pending code review","Undetermined","Undetermined","Pending requirements review","Undetermined","Not reviewed","","","","2026-10-03 13:53:32 UTC"
"308","[Enhancement]: BulkAssignRolesCommand - Efficient Role Assignment","closed","https://github.com/gameguild-gg/gameguild/issues/308","mathrmartins","mathrmartins","authored and assigned","back-end; authorization","","03/10/2025 10:24:10","30/09/2026 19:34:39","30/09/2026 02:51:50","Authorization","The issue body is empty, but the owner clarified acceptance in https://github.com/gameguild-gg/gameguild/issues/308#issuecomment-5846866168: system-admin-only assignment of one active role to 1–500 users; reject empty IDs, missing or soft-deleted users, invalid batch sizes, inactive roles, and expired dates before writes; deduplicate IDs; preserve active grants; renew expired grants; derive AssignedBy from the actor; persist changes once; return per-user outcomes; emit the generic operation event.","PR #610 merged 2026-09-30 (merge 0981913970d8056b542894c3545447f0126ff026; head 2aad7245ec0f01399918049a4623bd9d86eae74e) and closes #308. SystemAdmin-only 1–500-user role assignment validates active role, future expiry, nonempty IDs and existing non-deleted users; deduplicates, preserves active grants, renews expired grants, records per-user outcomes, and persists changes once. Authentication tests 1,768 passed; API Release publish with warnings-as-errors passed; PostgreSQL 17 OpenAPI capture, generated-client diff/build passed.","","Permission from the existing system-admin authorization policy; API and generated-client contracts.","Keep unit coverage for actor authorization, empty and missing IDs, missing/inactive role, invalid expiry, 0/501 and 500-user bounds, deduplication, active preservation, expired renewal, single-save behavior, and controller authorization. Local tests/build and current applicable GitHub checks pass; review and merge remain pending.","Implemented per owner-clarified acceptance and closed by merged PR #610. Earlier PR #576 is superseded.","Owner clarification and merged handler/controller/repository/tests reviewed against the 1–500 system-admin acceptance. Authentication 1,768/1,768, Release publish, PostgreSQL 17 OpenAPI capture, client generation/build, API/Web/OpenAPI, Codacy, CodeQL, repository policy, and PR gate passed; nonapplicable workflows skipped.","https://github.com/gameguild-gg/gameguild/pull/610","2aad7245ec0f01399918049a4623bd9d86eae74e","Merged PR #610: API/Web/OpenAPI, PR Required Gate, CodeQL, Codacy, repository policy, artifact validation, classification, and NuGet passed. Authentication 1,768 passed; Release publish with warnings-as-errors, PostgreSQL 17 OpenAPI capture, client generation diff/build passed; nonapplicable checks skipped.","2026-10-03 13:53:32 UTC"
"309","[Enhancement]: bulk permission checks performance","closed","https://github.com/gameguild-gg/gameguild/issues/309","mathrmartins","mathrmartins","authored and assigned","back-end; authorization","","03/10/2025 10:24:15","03/10/2026 06:07:31","03/10/2026 06:07:31","Authorization bulk permission checks","Bulk multi-user/resource/permission evaluation, bounded large-input processing, safe cross-call caching and permission-version invalidation, concurrency, large-dataset/load evidence, repeated comparative PostgreSQL benchmarks, and usage documentation.","PR #613 merged partial batched checks, bounded streaming, deny-rule parity, telemetry, and resource/concurrent coverage; Authentication focused tests passed 9/9, PostgreSQL integration tests 4/4, and the benchmark project built. PR #613 explicitly does not close #309: safe cross-call caching/version invalidation is missing and the benchmark harness uses EF Core InMemory rather than representative repeated PostgreSQL measurements. Earlier PR #577 was closed without completing acceptance.","No duplicate established.","Permission version/cache invalidation (#353/#354) and representative PostgreSQL benchmark infrastructure.","Retain the 9 focused and 4 PostgreSQL tests; add cross-call invalidation/concurrency, large dataset/load coverage, repeated PostgreSQL comparative benchmarks, and usage documentation validation.","Resolved by merged PR #665 and prior PR #613; final PR implements remaining cross-call caching, representative PostgreSQL benchmark, integration coverage, and docs.","Closed by PR #665 on 2026-10-03 after implementing cross-call cache with tenant/global versioned keys, bounded parallel evaluation, PostgreSQL integration at 1,024 requests/5,000 unrelated grants, and repeated PostgreSQL benchmarks. Validation: 1,840 auth unit, 1,667 authz unit, 91 API architecture/security, 1 PostgreSQL integration passed; API build passed.","https://github.com/gameguild-gg/gameguild/pull/613; https://github.com/gameguild-gg/gameguild/pull/665","83ae2ab3379f502cd76404ae1f12377a01c3fa2b","API verify and OpenAPI passed; unit/integration/build checks passed. Repository policy and PR Required Gate failed on the pre-existing braces advisory.","2026-10-03 13:53:32 UTC"
"310","[Enhancement]: Bulk Permission Grant & Revoke Operations","closed","https://github.com/gameguild-gg/gameguild/issues/310","mathrmartins","mathrmartins","authored and assigned","back-end; authorization","","03/10/2025 10:24:17","26/09/2026 13:49:11","26/09/2026 13:49:11","Untriaged","Pending issue review","Pending code review","Undetermined","Undetermined","Pending requirements review","Undetermined","Not reviewed","","","","2026-10-03 13:53:32 UTC"
"311","[Enhancement]: Central Policy Registry with Signed Policy Bundles","open","https://github.com/gameguild-gg/gameguild/issues/311","mathrmartins","mathrmartins","authored and assigned","back-end; authorization","","03/10/2025 10:24:20","26/09/2026 14:12:39","","Untriaged","Pending issue review","Pending code review","Undetermined","Undetermined","Pending requirements review","Undetermined","Not reviewed","","","","2026-10-03 13:53:32 UTC"
"312","💎 Feature Request: Comprehensive Permission Types Management","open","https://github.com/gameguild-gg/gameguild/issues/312","mathrmartins","mathrmartins","authored and assigned","back-end; authorization","","03/10/2025 10:24:22","03/10/2025 10:24:22","","Untriaged","Pending issue review","Pending code review","Undetermined","Undetermined","Pending requirements review","Undetermined","Not reviewed","","","","2026-10-03 13:53:32 UTC"
"313","[Enhancement]: Conditional Policies (Time-of-Day / Environment-Based Access Control)","open","https://github.com/gameguild-gg/gameguild/issues/313","mathrmartins","mathrmartins","authored and assigned","back-end; authorization","","03/10/2025 10:24:25","03/10/2025 10:24:25","","Untriaged","Pending issue review","Pending code review","Undetermined","Undetermined","Pending requirements review","Undetermined","Not reviewed","","","","2026-10-03 13:53:32 UTC"
"314","[Enhancement]: content type level permissions","open","https://github.com/gameguild-gg/gameguild/issues/314","mathrmartins","mathrmartins","authored and assigned","back-end; authorization","","03/10/2025 10:24:27","25/09/2026 16:48:49","","Untriaged","Pending issue review","Pending code review","Undetermined","Undetermined","Pending requirements review","Undetermined","Not reviewed","","","","2026-10-03 13:53:32 UTC"
"315","[Enhancement]: contenttypepermission permissions by content type","closed","https://github.com/gameguild-gg/gameguild/issues/315","mathrmartins","mathrmartins","authored and assigned","back-end; authorization","","03/10/2025 10:24:32","01/10/2026 14:14:29","25/09/2026 16:49:00","Untriaged","Pending issue review","Pending code review","#314","Undetermined","Pending requirements review","Duplicate of #314; keep closed for tracking consolidation.","Owner comment on 2026-10-01 links content-type permission work to open canonical issue #314.","","","","2026-10-03 13:53:32 UTC"
"316","[Enhancement]: CRUD Permissions (Create, Read, Update, Delete)","open","https://github.com/gameguild-gg/gameguild/issues/316","mathrmartins","mathrmartins","authored and assigned","back-end; authorization","","03/10/2025 10:24:34","03/10/2025 10:24:34","","Untriaged","Pending issue review","Pending code review","Undetermined","Undetermined","Pending requirements review","Undetermined","Not reviewed","","","","2026-10-03 13:53:32 UTC"
"317","[Enhancement]: Curation Permissions (Approve, Reject, Review, Comment)","open","https://github.com/gameguild-gg/gameguild/issues/317","mathrmartins","mathrmartins","authored and assigned","back-end; authorization","","03/10/2025 10:24:39","03/10/2025 10:24:39","","Untriaged","Pending issue review","Pending code review","Undetermined","Undetermined","Pending requirements review","Undetermined","Not reviewed","","","","2026-10-03 13:53:32 UTC"
"318","[Enhancement]: DAC Attribute Hierarchy with IDacAttribute Interface","open","https://github.com/gameguild-gg/gameguild/issues/318","mathrmartins","mathrmartins","authored and assigned","back-end; authorization","","03/10/2025 10:24:41","03/10/2025 10:24:41","","Untriaged","Pending issue review","Pending code review","Undetermined","Undetermined","Pending requirements review","Undetermined","Not reviewed","","","","2026-10-03 13:53:32 UTC"
"319","[Enhancement]: DacAuthorizationFilter for MVC Controllers","closed","https://github.com/gameguild-gg/gameguild/issues/319","mathrmartins","mathrmartins","authored and assigned","back-end; authorization","","03/10/2025 10:24:48","26/09/2026 13:36:57","26/09/2026 13:36:56","Untriaged","Pending issue review","Pending code review","Undetermined","Undetermined","Pending requirements review","Undetermined","Not reviewed","","","","2026-10-03 13:53:32 UTC"
"320","[Enhancement]: DAC (Discretionary Access Control) Framework System","open","https://github.com/gameguild-gg/gameguild/issues/320","mathrmartins","mathrmartins","authored and assigned","back-end; authorization","","03/10/2025 10:24:51","03/10/2025 10:24:51","","Untriaged","Pending issue review","Pending code review","Undetermined","Undetermined","Pending requirements review","Undetermined","Not reviewed","","","","2026-10-03 13:53:32 UTC"
"321","DAC Permission Attributes System","closed","https://github.com/gameguild-gg/gameguild/issues/321","mathrmartins","mathrmartins","authored and assigned","back-end; authorization","","03/10/2025 10:24:55","26/09/2026 13:36:50","26/09/2026 13:36:49","Untriaged","Pending issue review","Pending code review","Undetermined","Undetermined","Pending requirements review","Undetermined","Not reviewed","","","","2026-10-03 13:53:32 UTC"
"322","[Enhancement]: DacPermissionResolver with Structured Logging","open","https://github.com/gameguild-gg/gameguild/issues/322","mathrmartins","mathrmartins","authored and assigned","back-end; authorization","","03/10/2025 10:25:01","03/10/2025 10:25:01","","Untriaged","Pending issue review","Pending code review","Undetermined","Undetermined","Pending requirements review","Undetermined","Not reviewed","","","","2026-10-03 13:53:32 UTC"
"323","[Enhancement]: dac system discretionary access control","open","https://github.com/gameguild-gg/gameguild/issues/323","mathrmartins","mathrmartins","authored and assigned","back-end; authorization","","03/10/2025 10:25:06","03/10/2026 06:59:07","","Untriaged","Pending issue review","Pending code review","Undetermined","Undetermined","Pending requirements review","Undetermined","Not reviewed","","","","2026-10-03 13:53:32 UTC"
"324","[Enhancement]: Data Masking Rules Enforced by Authorization Layer (Field-Level Filtering)","closed","https://github.com/gameguild-gg/gameguild/issues/324","mathrmartins","mathrmartins","authored and assigned","back-end; authorization","","03/10/2025 10:25:12","30/09/2026 02:25:05","30/09/2026 02:25:05","Authorization","Title-level request for field-level filtering; the issue body is empty. PR #580 implements rule-based MVC response masking; keep open until the draft is reviewed/merged and acceptance is confirmed.","PR #609 merged 2026-09-30 (merge c478233356521dba3cc7ba665851e513486c4c9f; head 226860ee0916b9c19ae752f764029cdbc3f888f3) and closes #324. Tenant-aware DataMaskingService and MVC result filter apply global/tenant rules with tenant precedence, nested-field matching and exemptions to successful ObjectResult/JsonResult responses explicitly marked with DataMaskingResourceType; failures return 503 instead of unmasked data. API masking tests 6, service tests 7, and PostgreSQL tenant-isolation integration test 1 passed.","Undetermined","Undetermined","Review DataMaskingService, MVC field filter, and PostgreSQL integration coverage; current API, Web, OpenAPI, Codacy, and required PR checks pass. Confirm title-level acceptance during review.","Implemented the title-level field-masking request and closed by merged PR #609. The issue body is empty; recorded scope is the explicitly marked MVC response path.","Title-level request compared with merged filter/service and PostgreSQL tenant-isolation coverage. API Verify, OpenAPI, PR Required Gate, CodeQL, Codacy, repository policy, artifact validation, and release classification passed; nonapplicable Web, migration, Economy, Testing Lab, and Emception checks skipped.","https://github.com/gameguild-gg/gameguild/pull/609","226860ee0916b9c19ae752f764029cdbc3f888f3","Merged PR #609: API/OpenAPI, PR Required Gate, CodeQL, Codacy, repository policy, artifact validation, release classification, and NuGet passed. Masking unit tests 6, authorization service tests 7, PostgreSQL tenant-isolation test 1 passed; nonapplicable checks skipped.","2026-10-03 13:53:32 UTC"
"325","[Enhancement]: Delegated Administration Scopes (Tenant-Scoped Admin Delegation)","open","https://github.com/gameguild-gg/gameguild/issues/325","mathrmartins","mathrmartins","authored and assigned","back-end; Stale; authorization","","03/10/2025 10:25:15","02/10/2026 07:25:20","","Untriaged","Pending issue review","Pending code review","Undetermined","Undetermined","Pending requirements review","Undetermined","Not reviewed","","","","2026-10-03 13:53:32 UTC"
"326","[Enhancement]: Deny-by-Default Enforcement Model","closed","https://github.com/gameguild-gg/gameguild/issues/326","mathrmartins","mathrmartins","authored and assigned","back-end; authorization","","03/10/2025 10:25:18","01/10/2026 14:14:36","25/09/2026 16:49:00","Untriaged","Pending issue review","Pending code review","#327","Undetermined","Pending requirements review","Duplicate of #327; keep closed for tracking consolidation.","Owner comment on 2026-10-01 links deny-by-default work to open canonical issue #327.","","","","2026-10-03 13:53:32 UTC"
"327","[Enhancement]: deny by default security model","open","https://github.com/gameguild-gg/gameguild/issues/327","mathrmartins","mathrmartins","authored and assigned","back-end; Stale; authorization","","03/10/2025 10:25:21","30/09/2026 07:14:06","","Untriaged","Pending issue review","Pending code review","Undetermined","Undetermined","Pending requirements review","Undetermined","Not reviewed","","","","2026-10-03 13:53:32 UTC"
"328","[Enhancement]: Discretionary Access Control (DAC) Model - Tenant/Content-Type/Resource Hierarchy","open","https://github.com/gameguild-gg/gameguild/issues/328","mathrmartins","mathrmartins","authored and assigned","back-end; Stale; authorization","","03/10/2025 10:25:26","29/09/2026 07:23:42","","Untriaged","Pending issue review","Pending code review","Undetermined","Undetermined","Pending requirements review","Undetermined","Not reviewed","","","","2026-10-03 13:53:32 UTC"
"329","[Enhancement]: Editorial Permissions (Edit, Draft, Schedule)","open","https://github.com/gameguild-gg/gameguild/issues/329","mathrmartins","mathrmartins","authored and assigned","back-end; Stale; authorization","","03/10/2025 10:25:37","29/09/2026 07:23:41","","Untriaged","Pending issue review","Pending code review","Undetermined","Undetermined","Pending requirements review","Undetermined","Not reviewed","","","","2026-10-03 13:53:32 UTC"
"330","[Enhancement]: Effective Permission Resolution with Multi-Layer Checks","open","https://github.com/gameguild-gg/gameguild/issues/330","mathrmartins","mathrmartins","authored and assigned","back-end; Stale; authorization","","03/10/2025 10:25:45","29/09/2026 07:23:39","","Untriaged","Pending issue review","Pending code review","Undetermined","Undetermined","Pending requirements review","Undetermined","Not reviewed","","","","2026-10-03 13:53:32 UTC"
"331","[Enhancement]: expiration support expiresat field","open","https://github.com/gameguild-gg/gameguild/issues/331","mathrmartins","mathrmartins","authored and assigned","back-end; Stale; authorization","","03/10/2025 10:25:52","28/09/2026 07:28:08","","Untriaged","Pending issue review","Pending code review","Undetermined","Undetermined","Pending requirements review","Undetermined","Not reviewed","","","","2026-10-03 13:53:32 UTC"
"332","[Enhancement]: 30+ Granular Permission Types - CRUD, Curation, Lifecycle, Editorial, Moderation, Monetization, Administrative, System","closed","https://github.com/gameguild-gg/gameguild/issues/332","mathrmartins","mathrmartins","authored and assigned","back-end; authorization","","03/10/2025 10:25:59","01/10/2026 14:14:35","25/09/2026 16:48:59","Untriaged","Pending issue review","Pending code review","#333","Undetermined","Pending requirements review","Duplicate of #333; keep closed for tracking consolidation.","Owner comment on 2026-10-01 links granular permission types to open canonical issue #333.","","","","2026-10-03 13:53:32 UTC"
"333","Granular Permission Types System","open","https://github.com/gameguild-gg/gameguild/issues/333","mathrmartins","mathrmartins","authored and assigned","back-end; Stale; authorization","","03/10/2025 10:26:04","28/09/2026 07:28:06","","Untriaged","Pending issue review","Pending code review","Undetermined","Undetermined","Pending requirements review","Undetermined","Not reviewed","","","","2026-10-03 13:53:32 UTC"
"334","[Enhancement]: Graph-Based Permission Visualization & Impact Analysis","open","https://github.com/gameguild-gg/gameguild/issues/334","mathrmartins","mathrmartins","authored and assigned","back-end; Stale; authorization","","03/10/2025 10:26:08","21/08/2026 02:46:34","","Untriaged","Pending issue review","Pending code review","Undetermined","Undetermined","Pending requirements review","Undetermined","Not reviewed","","","","2026-10-03 13:53:32 UTC"
"335","GraphQL Authorization Framework","open","https://github.com/gameguild-gg/gameguild/issues/335","mathrmartins","mathrmartins","authored and assigned","back-end; authorization","","03/10/2025 10:26:10","28/09/2026 13:17:08","","Authorization and GraphQL","Queries, mutations, fields, and nested selections require permission-aware authorization; support directives, role/permission variants, tenant/user/resource context, DAC integration, scoped decision caching, dynamic field masking, permission-aware schema/introspection, denial audit, documentation, and security/integration coverage.","PR #585 merged to develop at 242a634712dd02a0f05958f368c1e2034ba2de5a. It adds an opt-in Hot Chocolate endpoint; project DAC query/mutation and field allowlist checks; All/Any rules; nested input and parent resource IDs; conditional permission choice; request decision cache; sanitized errors; and configuration docs. Remaining: permission-aware introspection/schema filtering/versioning, dynamic masking and field inheritance, durable denial audit/monitoring, and broader tenant/resource integration coverage including TestingLab. GraphQL-focused tests passed 9/9 before transfer; API Verify and OpenAPI client consistency passed after merge.","No duplicate established; PR #585 is partial work on this issue.","GameGuild authorization DAC, tenant context, Hot Chocolate, audit and TestingLab integration.","Test denied and allowed query/mutation/field access, nested selections and resource IDs, tenant isolation, introspection/schema filtering, field masking/inheritance, audit, and TestingLab integration.","Open; merged PR #585 is partial and explicitly leaves acceptance incomplete.","Issue acceptance criteria and merged PR scope, tests, and remaining items reviewed on 2026-09-30. Keep open.","https://github.com/gameguild-gg/gameguild/pull/585","242a634712dd02a0f05958f368c1e2034ba2de5a","API verify: passed; OpenAPI client consistency: passed; Repository policy: passed; PR Required Gate: passed; CodeQL: passed; Web verify and migration checks: skipped.","2026-10-03 13:53:32 UTC"
"336","[Enhancement]: GraphQL Authorization Middleware & Directive Integration","closed","https://github.com/gameguild-gg/gameguild/issues/336","mathrmartins","mathrmartins","authored and assigned","duplicate; back-end; authorization","","03/10/2025 10:26:14","28/09/2026 12:45:12","27/09/2026 21:29:07","Untriaged","Pending issue review","Pending code review","Undetermined","Undetermined","Pending requirements review","Undetermined","Not reviewed","","","","2026-10-03 13:53:32 UTC"
"337","[Enhancement]: Advanced GraphQL Authorization Middleware Integration","closed","https://github.com/gameguild-gg/gameguild/issues/337","mathrmartins","mathrmartins","authored and assigned","duplicate; back-end; authorization","","03/10/2025 10:26:17","28/09/2026 12:45:13","27/09/2026 21:29:59","Untriaged","Pending issue review","Pending code review","Undetermined","Undetermined","Pending requirements review","Undetermined","Not reviewed","","","","2026-10-03 13:53:32 UTC"
"338","[Enhancement]: GraphQL Authorization Middleware for Queries and Mutations","closed","https://github.com/gameguild-gg/gameguild/issues/338","mathrmartins","mathrmartins","authored and assigned","duplicate; back-end; authorization","","03/10/2025 10:26:19","28/09/2026 12:45:12","27/09/2026 21:28:07","Untriaged","Pending issue review","Pending code review","Undetermined","Undetermined","Pending requirements review","Undetermined","Not reviewed","","","","2026-10-03 13:53:32 UTC"
"339","[Enhancement]: IDacPermissionResolver Interface for Centralized Permission Logic","open","https://github.com/gameguild-gg/gameguild/issues/339","mathrmartins","mathrmartins","authored and assigned","back-end; Stale; authorization","","03/10/2025 10:26:25","18/08/2026 02:37:56","","Untriaged","Pending issue review","Pending code review","Undetermined","Undetermined","Pending requirements review","Undetermined","Not reviewed","","","","2026-10-03 13:53:32 UTC"
"340","[Enhancement]: ipermissionservice interface crud operations","open","https://github.com/gameguild-gg/gameguild/issues/340","mathrmartins","mathrmartins","authored and assigned","back-end; Stale; authorization","","03/10/2025 10:26:28","18/08/2026 02:37:54","","Untriaged","Pending issue review","Pending code review","Undetermined","Undetermined","Pending requirements review","Undetermined","Not reviewed","","","","2026-10-03 13:53:32 UTC"
"341","[Enhancement]: Just-in-Time Elevation (Time-Bound Permission Grants with Approval)","open","https://github.com/gameguild-gg/gameguild/issues/341","mathrmartins","mathrmartins","authored and assigned","back-end; Stale; authorization","","03/10/2025 10:26:30","14/08/2026 03:40:03","","Untriaged","Pending issue review","Pending code review","Undetermined","Undetermined","Pending requirements review","Undetermined","Not reviewed","","","","2026-10-03 13:53:32 UTC"
"342","[Enhancement]: L1 In-Memory & L2 Redis Permission Caching","closed","https://github.com/gameguild-gg/gameguild/issues/342","mathrmartins","mathrmartins","authored and assigned","back-end; authorization","","03/10/2025 10:26:33","26/09/2026 06:16:05","26/09/2026 05:38:31","Untriaged","Pending issue review","Pending code review","Undetermined","Undetermined","Pending requirements review","Undetermined","Not reviewed","","","","2026-10-03 13:53:32 UTC"
"343","[Enhancement]: Lifecycle Permissions (Publish, Unpublish, Archive, Restore)","open","https://github.com/gameguild-gg/gameguild/issues/343","mathrmartins","mathrmartins","authored and assigned","back-end; Stale; authorization","","03/10/2025 10:26:36","14/08/2026 03:40:00","","Untriaged","Pending issue review","Pending code review","Undetermined","Undetermined","Pending requirements review","Undetermined","Not reviewed","","","","2026-10-03 13:53:32 UTC"
"344","[Enhancement]: Moderation Permissions (Moderate, Flag, Ban, Warn)","open","https://github.com/gameguild-gg/gameguild/issues/344","mathrmartins","mathrmartins","authored and assigned","back-end; Stale; authorization","","03/10/2025 10:26:38","14/08/2026 03:39:59","","Untriaged","Pending issue review","Pending code review","Undetermined","Undetermined","Pending requirements review","Undetermined","Not reviewed","","","","2026-10-03 13:53:32 UTC"
"345","[Enhancement]: Monetization & Analytics Permissions (Monetize, ViewAnalytics, Configure)","closed","https://github.com/gameguild-gg/gameguild/issues/345","mathrmartins","mathrmartins","authored and assigned","back-end; Stale; authorization","","03/10/2025 10:26:40","01/10/2026 14:14:27","25/09/2026 16:49:00","Untriaged","Pending issue review","Pending code review","#346","Undetermined","Pending requirements review","Duplicate of #346; keep closed for tracking consolidation.","Owner comment on 2026-10-01 links monetization and analytics permissions to open canonical issue #346.","","","","2026-10-03 13:53:32 UTC"
"346","[Enhancement]: monetization analytics permissions monetize viewanalytics configure","open","https://github.com/gameguild-gg/gameguild/issues/346","mathrmartins","mathrmartins","authored and assigned","back-end; Stale; authorization","","03/10/2025 10:26:43","14/08/2026 03:39:57","","Untriaged","Pending issue review","Pending code review","Undetermined","Undetermined","Pending requirements review","Undetermined","Not reviewed","","","","2026-10-03 13:53:32 UTC"
"347","[Enhancement]: Multi-Layer Effective Permission Resolution","closed","https://github.com/gameguild-gg/gameguild/issues/347","mathrmartins","mathrmartins","authored and assigned","back-end; Stale; authorization","","03/10/2025 10:26:45","01/10/2026 14:14:32","25/09/2026 16:48:59","Untriaged","Pending issue review","Pending code review","#330","Undetermined","Pending requirements review","Duplicate of #330; keep closed for tracking consolidation.","Owner comment on 2026-10-01 links multi-layer effective permission resolution to open canonical issue #330.","","","","2026-10-03 13:53:32 UTC"
"348","[Enhancement]: MVC Authorization Attributes - RequireDacPermission","closed","https://github.com/gameguild-gg/gameguild/issues/348","mathrmartins","mathrmartins","authored and assigned","back-end; Stale; authorization","","03/10/2025 10:26:47","26/09/2026 13:36:54","26/09/2026 13:36:52","Untriaged","Pending issue review","Pending code review","Undetermined","Undetermined","Pending requirements review","Undetermined","Not reviewed","","","","2026-10-03 13:53:32 UTC"
"349","MVC Authorization Integration","closed","https://github.com/gameguild-gg/gameguild/issues/349","mathrmartins","mathrmartins","authored and assigned","back-end; Stale; authorization","","03/10/2025 10:26:52","28/09/2026 10:33:10","25/09/2026 06:29:51","Untriaged","Pending issue review","Pending code review","#306","Undetermined","Pending requirements review","Closed by inactivity automation; the owner later consolidated the still-required MVC authorization scope into open canonical issue #306. Keep closed as a duplicate/tracking consolidation only, not as implemented.","Owner crosswalk comment on #349 states controller/action MVC authorization delivery belongs in #306; #306 is open with overlapping acceptance criteria. The stale-bot closure itself is not implementation evidence.","","","","2026-10-03 13:53:32 UTC"
"350","[Enhancement]: Permission Analytics & Cache Statistics Endpoints","closed","https://github.com/gameguild-gg/gameguild/issues/350","mathrmartins","mathrmartins","authored and assigned","back-end; Stale; authorization","","03/10/2025 10:26:55","28/09/2026 10:33:14","24/09/2026 06:36:43","Untriaged","Pending issue review","Pending code review","Undetermined","Undetermined","Pending requirements review","Undetermined","Not reviewed","","","","2026-10-03 13:53:32 UTC"
"351","[Enhancement]: Permission Audit Logging - Grants, Revokes, Denies","closed","https://github.com/gameguild-gg/gameguild/issues/351","mathrmartins","mathrmartins","authored and assigned","back-end; Stale; authorization","","03/10/2025 10:26:59","28/09/2026 10:33:17","24/09/2026 06:36:41","Untriaged","Pending issue review","Pending code review","Undetermined","Undetermined","Pending requirements review","Undetermined","Not reviewed","","","","2026-10-03 13:53:32 UTC"
"352","[Enhancement]: permissionbase abstract entity common properties","closed","https://github.com/gameguild-gg/gameguild/issues/352","mathrmartins","mathrmartins","authored and assigned","back-end; Stale; authorization","","03/10/2025 10:27:02","21/09/2026 06:55:56","21/09/2026 06:55:56","Untriaged","Pending issue review","Pending code review","Undetermined","Undetermined","Pending requirements review","Undetermined","Not reviewed","","","","2026-10-03 13:53:32 UTC"
"353","💎 Feature Request: High-Performance Permission Caching Framework","closed","https://github.com/gameguild-gg/gameguild/issues/353","mathrmartins","mathrmartins","authored and assigned","back-end; authorization","","03/10/2025 10:27:05","03/10/2026 12:08:44","03/10/2026 12:08:44","Authorization and permission cache","Live review 2026-10-01 confirms the code-level criteria for L1/L2, bulk operations, typed TTLs, bounded eviction, warming, cache-error fallback, metrics, and example alert rules. Local tests and build pass (evidence below). Keep open until representative production-like load/performance evidence and configured collector plus alert-delivery validation are available; current benchmarks show no consistent latency gain.","Live review 2026-10-01 confirms L1/L2 caching, versioned keys, Redis Pub/Sub invalidation, typed TTLs, bounded local keys, cache warming, metrics, administrative statistics/clear/warm operations, and cache fallback on Redis L2 failures. PR #614 is merged. PR #581 was closed unmerged on 2026-09-30; its cache-specific diff was compared with develop and no beneficial missing cache change was identified, so the conflicting broader branch was not merged. PR #648 routes admin clears through the unified invalidation service and is tracked here. The admin clear now advances versions and publishes through the same invalidation service once, including global Pub/Sub and local L1 eviction; tenant/user paths no longer double-increment.","Related to #354; keep separate because #353 covers the broader multi-level permission cache and management criteria while #354 focuses on invalidation completeness.","Representative concurrent database/cache workload; configured OpenTelemetry collector and alert routing/delivery; network failure validation in the deployed Redis topology.","Local verification on PR #648: API solution build (170 projects) succeeded with 0 warnings/errors; Authentication UnitTests 1,827/1,827; Authorization UnitTests 1,662/1,662; Redis permission-cache integration 7/7; controller authorization architecture 5/5; PermissionCommandSecurityTests 24/24; git diff --check passed. Existing local benchmarks compare cached and uncached lookups, but confidence intervals overlap and they do not establish a consistent production latency gain. Deployment-level collector/alert routing and representative performance validation remain required.","Resolved by PR #662 monitoring thresholds plus PR #666 deployment observability and benchmark evidence. External alert notifier configuration remains deployment-specific and documented.","Closed by PRs #662/#666 on 2026-10-03. Verified OpenTelemetry validation/wiring, three Prometheus cache alert rules, OTLP metrics, threshold breach reaching Alertmanager, and EF/PostgreSQL benchmark (21-30% lower warm-L1 batch latency with non-overlapping 99.9% intervals). API build and auth/authz unit suites passed.","https://github.com/gameguild-gg/gameguild/pull/662; https://github.com/gameguild-gg/gameguild/pull/666","5790c995ffb5cadae57013358db5584a29210247","API and Web verification, CodeQL C#, Codacy passed; Repository policy and PR Required Gate failed on the pre-existing braces advisory.","2026-10-03 13:53:32 UTC"
"354","[Enhancement]: permission caching invalidation","closed","https://github.com/gameguild-gg/gameguild/issues/354","mathrmartins","mathrmartins","authored and assigned","back-end; authorization","","03/10/2025 10:27:08","03/10/2026 04:48:39","03/10/2026 04:48:39","Authorization and permission cache","Live review 2026-10-01 confirms tenant/global versioned keys, typed batch/dependency invalidation, Pub/Sub, TTL/capacity, warming, tenant partitioning, metrics, admin tools, unit/integration coverage, and comparative benchmarks. Local tests and build pass (evidence below). Keep open until inherited-dependency, representative concurrent security/performance, and deployed alert-delivery validation are complete; local benchmarks remain inconclusive.","Live review 2026-10-01 confirms L1/L2 caching, versioned keys, Redis Pub/Sub invalidation, typed TTLs, bounded local keys, cache warming, metrics, administrative statistics/clear/warm operations, and cache fallback on Redis L2 failures. PR #614 is merged. PR #581 was closed unmerged on 2026-09-30; its cache-specific diff was compared with develop and no beneficial missing cache change was identified, so the conflicting broader branch was not merged. PR #648 routes admin clears through the unified invalidation service and is tracked here. Current Docker-backed Redis integration selection passed 7/7, covering concurrent version changes, cross-instance stale ACL protection, invalidation dispatch/dependencies, and subscriber recovery. Admin global clear now uses InvalidateGlobalAsync, ensuring shared versioning, local ACL eviction, and distributed publication.","Related to #353; retain as a separate invalidation-focused requirement because its dependency, cascading, and security criteria are not reducible to the general caching framework.","Representative concurrent security/performance environment; deployed metrics collector and alert delivery; broader inherited-group hierarchy and Redis network-failure validation.","Local verification on PR #648: API solution build (170 projects) succeeded with 0 warnings/errors; Authentication UnitTests 1,827/1,827; Authorization UnitTests 1,662/1,662; Redis permission-cache integration 7/7; controller authorization architecture 5/5; PermissionCommandSecurityTests 24/24; git diff --check passed. Existing local benchmarks compare cached and uncached lookups, but confidence intervals overlap and they do not establish a consistent production latency gain. Deployment-level collector/alert routing and representative performance validation remain required.","Resolved against develop: L1/L2, tenant isolation, TTL, event/dependency/batch invalidation, Redis reconnect, warmup and admin tooling verified. Automated popularity warmup and deployment alert delivery tracked separately by #353.","Closed 2026-10-03 after PR #664 corrected pooled PostgreSQL benchmark fixture. Evidence: 1,666 authorization unit tests and 7 Redis integration tests passed; EF/PostgreSQL benchmark completed 6 cases with 10 warmups, 20 measurements, 3 launches; cache/DB latency ratios .76/.74/.78 at concurrency 1/8/32.","https://github.com/gameguild-gg/gameguild/pull/581; https://github.com/gameguild-gg/gameguild/pull/664","c52286b396d27ffb78adee0289475b723d8d9773","API verify, CodeQL C#, Codacy passed; Repository policy and PR Required Gate failed on the pre-existing braces advisory.","2026-10-03 13:53:32 UTC"
"355","Permission Caching System","closed","https://github.com/gameguild-gg/gameguild/issues/355","mathrmartins","mathrmartins","authored and assigned","back-end; Stale; authorization","","03/10/2025 10:27:10","28/09/2026 10:33:21","20/09/2026 06:49:10","Untriaged","Pending issue review","Pending code review","Undetermined","Undetermined","Pending requirements review","Undetermined","Not reviewed","","","","2026-10-03 13:53:32 UTC"
"356","[Enhancement]: Permission Enforcement via MVC Attributes","closed","https://github.com/gameguild-gg/gameguild/issues/356","mathrmartins","mathrmartins","authored and assigned","back-end; Stale; authorization","","03/10/2025 10:27:12","28/09/2026 10:33:25","20/09/2026 06:49:08","Untriaged","Pending issue review","Pending code review","Undetermined","Undetermined","Pending requirements review","Undetermined","Not reviewed","","","","2026-10-03 13:53:32 UTC"
"357","[Enhancement]: Permission Entities Data Model System","closed","https://github.com/gameguild-gg/gameguild/issues/357","mathrmartins","mathrmartins","authored and assigned","back-end; Stale; authorization","","03/10/2025 10:27:16","20/09/2026 06:49:07","20/09/2026 06:49:07","Untriaged","Pending issue review","Pending code review","Undetermined","Undetermined","Pending requirements review","Undetermined","Not reviewed","","","","2026-10-03 13:53:32 UTC"
"358","Permission Evaluation Engine","closed","https://github.com/gameguild-gg/gameguild/issues/358","mathrmartins","mathrmartins","authored and assigned","back-end; Stale; authorization","","03/10/2025 10:27:18","20/09/2026 06:49:06","20/09/2026 06:49:06","Untriaged","Pending issue review","Pending code review","Undetermined","Undetermined","Pending requirements review","Undetermined","Not reviewed","","","","2026-10-03 13:53:32 UTC"
"359","[Enhancement]: permission evaluation logging user tenant resource outcome","closed","https://github.com/gameguild-gg/gameguild/issues/359","mathrmartins","mathrmartins","authored and assigned","back-end; Stale; authorization","","03/10/2025 10:27:23","28/09/2026 10:33:28","20/09/2026 06:49:05","Untriaged","Pending issue review","Pending code review","Undetermined","Undetermined","Pending requirements review","Undetermined","Not reviewed","","","","2026-10-03 13:53:32 UTC"
"360","💎 Feature Request: Permission Evaluation System","closed","https://github.com/gameguild-gg/gameguild/issues/360","mathrmartins","mathrmartins","authored and assigned","back-end; Stale; authorization","","03/10/2025 10:27:25","20/09/2026 06:49:03","20/09/2026 06:49:03","Untriaged","Pending issue review","Pending code review","Undetermined","Undetermined","Pending requirements review","Undetermined","Not reviewed","","","","2026-10-03 13:53:32 UTC"
"361","[Enhancement]: Permission Inheritance with Precedence Rules","closed","https://github.com/gameguild-gg/gameguild/issues/361","mathrmartins","mathrmartins","authored and assigned","back-end; Stale; authorization","","03/10/2025 10:27:28","20/09/2026 06:49:02","20/09/2026 06:49:02","Untriaged","Pending issue review","Pending code review","Undetermined","Undetermined","Pending requirements review","Undetermined","Not reviewed","","","","2026-10-03 13:53:32 UTC"
"362","[Enhancement]: permission inheritance resolution","closed","https://github.com/gameguild-gg/gameguild/issues/362","mathrmartins","mathrmartins","authored and assigned","back-end; Stale; authorization","","03/10/2025 10:27:30","30/07/2026 04:36:34","30/07/2026 04:36:34","Untriaged","Pending issue review","Pending code review","Undetermined","Undetermined","Pending requirements review","Undetermined","Not reviewed","","","","2026-10-03 13:53:32 UTC"
"363","[Enhancement]: permission precedence inheritance rules","closed","https://github.com/gameguild-gg/gameguild/issues/363","mathrmartins","mathrmartins","authored and assigned","back-end; Stale; authorization","","03/10/2025 10:27:33","13/07/2026 05:02:06","13/07/2026 05:02:06","Untriaged","Pending issue review","Pending code review","Undetermined","Undetermined","Pending requirements review","Undetermined","Not reviewed","","","","2026-10-03 13:53:32 UTC"
"364","💎 Feature Request: Permission Resolution Engine","closed","https://github.com/gameguild-gg/gameguild/issues/364","mathrmartins","mathrmartins","authored and assigned","back-end; Stale; authorization","","03/10/2025 10:27:36","12/07/2026 04:55:28","12/07/2026 04:55:28","Untriaged","Pending issue review","Pending code review","Undetermined","Undetermined","Pending requirements review","Undetermined","Not reviewed","","","","2026-10-03 13:53:32 UTC"
"365","Permission Resolution System","closed","https://github.com/gameguild-gg/gameguild/issues/365","mathrmartins","mathrmartins","authored and assigned","back-end; Stale; authorization","","03/10/2025 10:27:39","12/07/2026 04:55:27","12/07/2026 04:55:27","Untriaged","Pending issue review","Pending code review","Undetermined","Undetermined","Pending requirements review","Undetermined","Not reviewed","","","","2026-10-03 13:53:32 UTC"
"366","[Enhancement]: Permission Resolver with Audit Hooks","closed","https://github.com/gameguild-gg/gameguild/issues/366","mathrmartins","mathrmartins","authored and assigned","back-end; Stale; authorization","","03/10/2025 10:27:41","10/07/2026 05:40:58","10/07/2026 05:40:58","Untriaged","Pending issue review","Pending code review","Undetermined","Undetermined","Pending requirements review","Undetermined","Not reviewed","","","","2026-10-03 13:53:32 UTC"
"367","[Enhancement]: permissionservice implementation database access","closed","https://github.com/gameguild-gg/gameguild/issues/367","mathrmartins","mathrmartins","authored and assigned","back-end; Stale; authorization","","03/10/2025 10:27:44","10/07/2026 05:40:56","10/07/2026 05:40:56","Untriaged","Pending issue review","Pending code review","Undetermined","Undetermined","Pending requirements review","Undetermined","Not reviewed","","","","2026-10-03 13:53:32 UTC"
"368","[Enhancement]: Permission Services & Business Logic System","closed","https://github.com/gameguild-gg/gameguild/issues/368","mathrmartins","mathrmartins","authored and assigned","back-end; Stale; authorization","","03/10/2025 10:27:46","09/07/2026 05:53:25","09/07/2026 05:53:25","Untriaged","Pending issue review","Pending code review","Undetermined","Undetermined","Pending requirements review","Undetermined","Not reviewed","","","","2026-10-03 13:53:32 UTC"
"369","[Enhancement]: Permission Templates & Role Templates System","closed","https://github.com/gameguild-gg/gameguild/issues/369","mathrmartins","mathrmartins","authored and assigned","back-end; Stale; authorization","","03/10/2025 10:27:51","09/07/2026 05:53:24","09/07/2026 05:53:24","Untriaged","Pending issue review","Pending code review","Undetermined","Undetermined","Pending requirements review","Undetermined","Not reviewed","","","","2026-10-03 13:53:32 UTC"
"370","[Enhancement]: Permission Template Versioning & Migration Tooling","closed","https://github.com/gameguild-gg/gameguild/issues/370","mathrmartins","mathrmartins","authored and assigned","back-end; Stale; authorization","","03/10/2025 10:27:55","09/07/2026 05:53:22","09/07/2026 05:53:22","Untriaged","Pending issue review","Pending code review","Undetermined","Undetermined","Pending requirements review","Undetermined","Not reviewed","","","","2026-10-03 13:53:32 UTC"
"371","[Enhancement]: Permission Types Management System (30+ Operations)","closed","https://github.com/gameguild-gg/gameguild/issues/371","mathrmartins","mathrmartins","authored and assigned","back-end; Stale; authorization","","03/10/2025 10:27:57","28/09/2026 10:33:31","09/07/2026 05:53:21","Untriaged","Pending issue review","Pending code review","Undetermined","Undetermined","Pending requirements review","Undetermined","Not reviewed","","","","2026-10-03 13:53:32 UTC"
"372","[Enhancement]: Planned Owner Override Enhancement","closed","https://github.com/gameguild-gg/gameguild/issues/372","mathrmartins","mathrmartins","authored and assigned","back-end; Stale; authorization","","03/10/2025 10:28:00","09/07/2026 05:53:20","09/07/2026 05:53:20","Untriaged","Pending issue review","Pending code review","Undetermined","Undetermined","Pending requirements review","Undetermined","Not reviewed","","","","2026-10-03 13:53:32 UTC"
"373","[Enhancement]: planned role assignment apis","closed","https://github.com/gameguild-gg/gameguild/issues/373","mathrmartins","mathrmartins","authored and assigned","back-end; Stale; authorization","","03/10/2025 10:28:02","09/07/2026 05:53:19","09/07/2026 05:53:19","Untriaged","Pending issue review","Pending code review","Undetermined","Undetermined","Pending requirements review","Undetermined","Not reviewed","","","","2026-10-03 13:53:32 UTC"
"374","[Enhancement]: Policy Simulation & Dry-Run Endpoint (What-If Permission Evaluation)","closed","https://github.com/gameguild-gg/gameguild/issues/374","mathrmartins","mathrmartins","authored and assigned","back-end; Stale; authorization","","03/10/2025 10:28:05","07/07/2026 05:43:29","07/07/2026 05:43:29","Untriaged","Pending issue review","Pending code review","Undetermined","Undetermined","Pending requirements review","Undetermined","Not reviewed","","","","2026-10-03 13:53:32 UTC"
"375","[Enhancement]: Query Operations Permissions (List, Search, Query)","closed","https://github.com/gameguild-gg/gameguild/issues/375","mathrmartins","mathrmartins","authored and assigned","back-end; Stale; authorization","","03/10/2025 10:28:07","28/09/2026 10:33:35","11/05/2026 05:36:48","Untriaged","Pending issue review","Pending code review","Undetermined","Undetermined","Pending requirements review","Undetermined","Not reviewed","","","","2026-10-03 13:53:32 UTC"
"376","[Enhancement]: RBAC - Role-Based Access Control with Assignment APIs","closed","https://github.com/gameguild-gg/gameguild/issues/376","mathrmartins","mathrmartins","authored and assigned","back-end; Stale; authorization","","03/10/2025 10:28:10","10/05/2026 05:05:54","10/05/2026 05:05:54","Untriaged","Pending issue review","Pending code review","Undetermined","Undetermined","Pending requirements review","Undetermined","Not reviewed","","","","2026-10-03 13:53:32 UTC"
"377","[Enhancement]: RequireContentTypePermissionAttribute for Content-Type Permissions","closed","https://github.com/gameguild-gg/gameguild/issues/377","mathrmartins","mathrmartins","authored and assigned","back-end; Stale; authorization","","03/10/2025 10:28:12","28/09/2026 10:33:38","09/05/2026 04:52:03","Untriaged","Pending issue review","Pending code review","Undetermined","Undetermined","Pending requirements review","Undetermined","Not reviewed","","","","2026-10-03 13:53:32 UTC"
"378","[Enhancement]: RequireDacPermissionAttribute for Tenant-Level Permissions","closed","https://github.com/gameguild-gg/gameguild/issues/378","mathrmartins","mathrmartins","authored and assigned","back-end; Stale; authorization","","03/10/2025 10:28:15","28/09/2026 10:33:41","09/05/2026 04:52:02","Untriaged","Pending issue review","Pending code review","Undetermined","Undetermined","Pending requirements review","Undetermined","Not reviewed","","","","2026-10-03 13:53:32 UTC"
"379","[Enhancement]: RequireResourcePermissionAttribute for Resource-Level Permissions","closed","https://github.com/gameguild-gg/gameguild/issues/379","mathrmartins","mathrmartins","authored and assigned","back-end; Stale; authorization","","03/10/2025 10:28:20","28/09/2026 10:33:45","08/05/2026 04:39:37","Untriaged","Pending issue review","Pending code review","Undetermined","Undetermined","Pending requirements review","Undetermined","Not reviewed","","","","2026-10-03 13:53:32 UTC"
"380","[Enhancement]: Resource-Level Permission Entities with Expiration","closed","https://github.com/gameguild-gg/gameguild/issues/380","mathrmartins","mathrmartins","authored and assigned","back-end; Stale; authorization","","03/10/2025 10:28:23","08/05/2026 04:39:35","08/05/2026 04:39:35","Untriaged","Pending issue review","Pending code review","Undetermined","Undetermined","Pending requirements review","Undetermined","Not reviewed","","","","2026-10-03 13:53:32 UTC"
"381","[Enhancement]: resource level permissions individual resource","closed","https://github.com/gameguild-gg/gameguild/issues/381","mathrmartins","mathrmartins","authored and assigned","back-end; Stale; authorization","","03/10/2025 10:28:25","08/05/2026 04:39:34","08/05/2026 04:39:34","Untriaged","Pending issue review","Pending code review","Undetermined","Undetermined","Pending requirements review","Undetermined","Not reviewed","","","","2026-10-03 13:53:32 UTC"
"382","[Enhancement]: resourcepermission generic resource level permissions","closed","https://github.com/gameguild-gg/gameguild/issues/382","mathrmartins","mathrmartins","authored and assigned","back-end; Stale; authorization","","03/10/2025 10:28:28","07/05/2026 04:59:52","07/05/2026 04:59:52","Untriaged","Pending issue review","Pending code review","Undetermined","Undetermined","Pending requirements review","Undetermined","Not reviewed","","","","2026-10-03 13:53:32 UTC"
"383","[Enhancement]: Separation-of-Duties Conflict Detection (SoD Rules)","closed","https://github.com/gameguild-gg/gameguild/issues/383","mathrmartins","mathrmartins","authored and assigned","back-end; Stale; authorization","","03/10/2025 10:28:30","28/09/2026 10:35:09","07/05/2026 04:59:50","Untriaged","Pending issue review","Pending code review","Undetermined","Undetermined","Pending requirements review","Undetermined","Not reviewed","","","","2026-10-03 13:53:32 UTC"
"384","[Enhancement]: Soft Delete & History Tracking for Permissions","closed","https://github.com/gameguild-gg/gameguild/issues/384","mathrmartins","mathrmartins","authored and assigned","back-end; authorization","","03/10/2025 10:28:33","30/09/2026 09:06:33","30/09/2026 09:06:33","Authorization and tenant permissions","Owner clarification: preserve revoked tenant permission history, exclude deleted rows from normal reads, allow a new active grant without erasing prior history, and apply actor, tenant authorization, audit, and version invalidation to by-ID revocation.","PR #584 merged to develop at 4a5b3b01ae0c9519147e754676af502808b91574. Migration adds DeletedAt; permission reads filter deleted rows; new grants preserve prior records; the by-ID revoke path applies actor/tenant authorization, audit, and version invalidation. Solution build passed with 0 warnings/errors; Authorization tests 1,591/1,591; Authentication tests 1,742/1,742; architecture/security tests 48/48.","Undetermined","Undetermined","Pending requirements review","Implemented and closed after merge and acceptance verification.","Issue clarification, source changes, migration, test results, and required GitHub checks verified on 2026-09-30; owner recorded closeout evidence.","https://github.com/gameguild-gg/gameguild/pull/584","4a5b3b01ae0c9519147e754676af502808b91574","API verify: passed; Migration compatibility: passed; OpenAPI consistency: passed; Repository policy: passed; PR Required Gate: passed; CodeQL: passed; Web verify: skipped.","2026-10-03 13:53:32 UTC"
"385","[Enhancement]: System Permissions (SystemConfig, BackupRestore, DataMigration)","closed","https://github.com/gameguild-gg/gameguild/issues/385","mathrmartins","mathrmartins","authored and assigned","back-end; Stale; authorization","","03/10/2025 10:28:36","28/09/2026 10:33:48","07/05/2026 04:59:48","Untriaged","Pending issue review","Pending code review","Undetermined","Undetermined","Pending requirements review","Undetermined","Not reviewed","","","","2026-10-03 13:53:32 UTC"
"386","[Enhancement]: system permissions systemconfig backuprestore datamigration","closed","https://github.com/gameguild-gg/gameguild/issues/386","mathrmartins","mathrmartins","authored and assigned","back-end; Stale; authorization","","03/10/2025 10:28:38","28/09/2026 10:33:51","06/05/2026 04:57:30","Untriaged","Pending issue review","Pending code review","Undetermined","Undetermined","Pending requirements review","Undetermined","Not reviewed","","","","2026-10-03 13:53:32 UTC"
"387","[Enhancement]: tenant level permissions global tenant access","open","https://github.com/gameguild-gg/gameguild/issues/387","mathrmartins","mathrmartins","authored and assigned","back-end; authorization","","03/10/2025 10:28:41","28/09/2026 12:45:10","","Authorization and tenant permissions","Pending issue review","PR #584 merged to develop at 4a5b3b01ae0c9519147e754676af502808b91574 implements and tests the specific tenant-bound mutation/read history gap, but it explicitly states the broader criteria for #387 still need separate evidence.","Undetermined","Undetermined","Pending requirements review","Open; PR #584 is partial related evidence only. Review the full tenant-level/global-access criteria separately.","Related PR #584 merged on 2026-09-30; full issue criteria not independently audited, keep open.","https://github.com/gameguild-gg/gameguild/pull/584","4a5b3b01ae0c9519147e754676af502808b91574","API verify: passed; Migration compatibility: passed; OpenAPI consistency: passed; Repository policy: passed; PR Required Gate: passed; CodeQL: passed; Web verify: skipped.","2026-10-03 13:53:32 UTC"
"388","[Enhancement]: tenantpermission user tenant permission grants","closed","https://github.com/gameguild-gg/gameguild/issues/388","mathrmartins","mathrmartins","authored and assigned","back-end; Stale; authorization","","03/10/2025 10:28:44","06/05/2026 04:57:27","06/05/2026 04:57:27","Untriaged","Pending issue review","Pending code review","Undetermined","Undetermined","Pending requirements review","Undetermined","Not reviewed","","","","2026-10-03 13:53:32 UTC"
"389","[Enhancement]: 3-Layer Permission Model (Tenant, Content-Type, Resource)","closed","https://github.com/gameguild-gg/gameguild/issues/389","mathrmartins","mathrmartins","authored and assigned","back-end; Stale; authorization","","03/10/2025 10:28:49","05/05/2026 04:44:31","05/05/2026 04:44:31","Untriaged","Pending issue review","Pending code review","Undetermined","Undetermined","Pending requirements review","Undetermined","Not reviewed","","","","2026-10-03 13:53:32 UTC"
"390","[Enhancement]: Unified Access Review & Certification Workflow (Attestations)","open","https://github.com/gameguild-gg/gameguild/issues/390","mathrmartins","mathrmartins","authored and assigned","back-end; authorization","","03/10/2025 10:28:52","28/09/2026 11:11:32","","Authorization and access review","Issue body is empty. Owner clarification requires authenticated actor, reviewer, tenant, tenant-admin, and server-owned workflow checks; campaign-tenant scoping; protected expiry processing; explicit acceptance criteria confirmation; and runtime/database integration evidence.","PR #583 merged to develop at 3691ad0788c9323dbb71caff757e32e44b06ab1a. Shared service enforces authentication, tenant isolation, reviewer ownership and tenant-admin scope; updates cannot spoof campaign/workflow/audit fields; pending queries scope to campaign tenant; expiry processing is SystemAdmin-only and selects expired in-progress campaigns; duplicate controllers are removed. Authorization tests passed 1,626/1,626 and API controller-discovery test 1/1. PR follow-up says acceptance confirmation and runtime/database integration remain outstanding.","No duplicate established; #390 has an empty body and needs owner-confirmed acceptance criteria.","Authorization and tenant context; access-review persistence/runtime integration.","Validate database-backed campaign and item workflows, tenant/reviewer isolation, spoofing rejection, expiry behavior, and authorized/unauthorized runtime requests.","Open; PR #583 is merged partial work. Confirm complete acceptance criteria and runtime/database coverage before closure.","Owner clarification, merged PR #583, focused tests, checks, and remaining integration evidence reviewed on 2026-09-30. Keep open.","https://github.com/gameguild-gg/gameguild/pull/583","3691ad0788c9323dbb71caff757e32e44b06ab1a","API verify: passed; OpenAPI client consistency: passed; Repository policy: passed; PR Required Gate: passed; CodeQL: passed; Web verify and migration checks: skipped.","2026-10-03 13:53:32 UTC"
"391","Billing Event Handling and Validation","open","https://github.com/gameguild-gg/gameguild/issues/391","mathrmartins","mathrmartins","authored and assigned","back-end; billing","","03/10/2025 10:28:54","28/09/2026 07:27:59","","Untriaged","Pending issue review","Pending code review","Undetermined","Undetermined","Pending requirements review","Undetermined","Not reviewed","","","","2026-10-03 13:53:32 UTC"
"392","Billing Interval Handling (Monthly, Quarterly, Annually)","open","https://github.com/gameguild-gg/gameguild/issues/392","mathrmartins","mathrmartins","authored and assigned","back-end; billing","","03/10/2025 10:28:56","28/09/2026 07:27:58","","Untriaged","Pending issue review","Pending code review","Undetermined","Undetermined","Pending requirements review","Undetermined","Not reviewed","","","","2026-10-03 13:53:32 UTC"
"393","Billing Webhook Security Validation","open","https://github.com/gameguild-gg/gameguild/issues/393","mathrmartins","mathrmartins","authored and assigned","back-end; billing","","03/10/2025 10:28:59","27/09/2026 06:59:02","","Untriaged","Pending issue review","Pending code review","Undetermined","Undetermined","Pending requirements review","Undetermined","Not reviewed","","","","2026-10-03 13:53:32 UTC"
"394","Command/Query Handlers for Billing Operations","open","https://github.com/gameguild-gg/gameguild/issues/394","mathrmartins","mathrmartins","authored and assigned","back-end; billing","","03/10/2025 10:29:02","27/09/2026 06:59:01","","Untriaged","Pending issue review","Pending code review","Undetermined","Undetermined","Pending requirements review","Undetermined","Not reviewed","","","","2026-10-03 13:53:32 UTC"
"395","Dynamic & Tiered Pricing Engine","open","https://github.com/gameguild-gg/gameguild/issues/395","mathrmartins","mathrmartins","authored and assigned","back-end; billing","","03/10/2025 10:29:04","27/09/2026 06:59:00","","Untriaged","Pending issue review","Pending code review","Undetermined","Undetermined","Pending requirements review","Undetermined","Not reviewed","","","","2026-10-03 13:53:32 UTC"
"396","Event-Driven Billing Architecture","open","https://github.com/gameguild-gg/gameguild/issues/396","mathrmartins","mathrmartins","authored and assigned","back-end; billing","","03/10/2025 10:29:07","27/09/2026 06:58:59","","Untriaged","Pending issue review","Pending code review","Undetermined","Undetermined","Pending requirements review","Undetermined","Not reviewed","","","","2026-10-03 13:53:32 UTC"
"397","Integration with External Billing Providers","open","https://github.com/gameguild-gg/gameguild/issues/397","mathrmartins","mathrmartins","authored and assigned","back-end; billing","","03/10/2025 10:29:09","27/09/2026 06:58:58","","Untriaged","Pending issue review","Pending code review","Undetermined","Undetermined","Pending requirements review","Undetermined","Not reviewed","","","","2026-10-03 13:53:32 UTC"
"398","Multi-Gateway Payment Processing Integration","closed","https://github.com/gameguild-gg/gameguild/issues/398","mathrmartins","mathrmartins","authored and assigned","back-end; Stale; billing","","03/10/2025 10:29:12","25/09/2026 17:20:47","06/03/2026 03:53:16","Untriaged","Pending issue review","Pending code review","#413","Undetermined","Pending requirements review","Duplicate of #413; keep closed for tracking consolidation. #413 preserves the unique multi-gateway requirements.","Owner comment on 2026-09-25 links this issue to open canonical #413 and lists the criteria retained there.","","","","2026-10-03 13:53:32 UTC"
"399","Payment Method Management Integration","closed","https://github.com/gameguild-gg/gameguild/issues/399","mathrmartins","mathrmartins","authored and assigned","back-end; Stale; billing","","03/10/2025 10:29:17","25/09/2026 17:20:48","05/03/2026 03:54:47","Untriaged","Pending issue review","Pending code review","#414","Undetermined","Pending requirements review","Duplicate of #414; keep closed for tracking consolidation. #414 preserves the unique payment-method requirements.","Owner comment on 2026-09-25 links this issue to open canonical #414 and lists the criteria retained there.","","","","2026-10-03 13:53:32 UTC"
"400","Pricing Calculation & Applied Discounts Ledger","open","https://github.com/gameguild-gg/gameguild/issues/400","mathrmartins","mathrmartins","authored and assigned","back-end; billing","","03/10/2025 10:29:19","27/09/2026 06:58:57","","Untriaged","Pending issue review","Pending code review","Undetermined","Undetermined","Pending requirements review","Undetermined","Not reviewed","","","","2026-10-03 13:53:32 UTC"
"401","Product Catalog & Bundling Management","open","https://github.com/gameguild-gg/gameguild/issues/401","mathrmartins","mathrmartins","authored and assigned","back-end; billing","","03/10/2025 10:29:22","27/09/2026 06:58:56","","Untriaged","Pending issue review","Pending code review","Undetermined","Undetermined","Pending requirements review","Undetermined","Not reviewed","","","","2026-10-03 13:53:32 UTC"
"402","Promo Code Management (Types, Validation, Stacking)","closed","https://github.com/gameguild-gg/gameguild/issues/402","mathrmartins","mathrmartins","authored and assigned","back-end; Stale; billing","","03/10/2025 10:29:25","25/09/2026 17:20:50","05/03/2026 03:54:41","Untriaged","Pending issue review","Pending code review","#418","Undetermined","Pending requirements review","Duplicate of #418; keep closed for tracking consolidation. #418 preserves the unique promo-code requirements.","Owner comment on 2026-09-25 links this issue to open canonical #418 and lists the criteria retained there.","","","","2026-10-03 13:53:32 UTC"
"403","Refund & Retry Workflows","open","https://github.com/gameguild-gg/gameguild/issues/403","mathrmartins","mathrmartins","authored and assigned","back-end; billing","","03/10/2025 10:29:28","27/09/2026 06:58:55","","Untriaged","Pending issue review","Pending code review","Undetermined","Undetermined","Pending requirements review","Undetermined","Not reviewed","","","","2026-10-03 13:53:32 UTC"
"404","Revenue Event Auditing","open","https://github.com/gameguild-gg/gameguild/issues/404","mathrmartins","mathrmartins","authored and assigned","back-end; billing","","03/10/2025 10:29:30","27/09/2026 06:58:54","","Untriaged","Pending issue review","Pending code review","Undetermined","Undetermined","Pending requirements review","Undetermined","Not reviewed","","","","2026-10-03 13:53:32 UTC"
"405","Subscription Lifecycle Management & Billing Integration","open","https://github.com/gameguild-gg/gameguild/issues/405","mathrmartins","mathrmartins","authored and assigned","back-end; billing","","03/10/2025 10:29:33","27/09/2026 06:58:53","","Untriaged","Pending issue review","Pending code review","Undetermined","Undetermined","Pending requirements review","Undetermined","Not reviewed","","","","2026-10-03 13:53:32 UTC"
"406","Wallet & Balance Tracking System","open","https://github.com/gameguild-gg/gameguild/issues/406","mathrmartins","mathrmartins","authored and assigned","back-end; billing","","03/10/2025 10:29:35","26/09/2026 06:31:30","","Untriaged","Pending issue review","Pending code review","Undetermined","Undetermined","Pending requirements review","Undetermined","Not reviewed","","","","2026-10-03 13:53:32 UTC"
"407","Webhook Processing for Billing Events","closed","https://github.com/gameguild-gg/gameguild/issues/407","mathrmartins","mathrmartins","authored and assigned","back-end; Stale; billing","","03/10/2025 10:29:38","25/09/2026 17:16:56","04/01/2026 03:27:36","Untriaged","Pending issue review","Pending code review","#408","Undetermined","Pending requirements review","Duplicate of #408; keep closed for tracking consolidation. #408 remains the canonical open webhook issue.","Owner comment on 2026-09-25 links this issue to open #408 and explicitly says the acceptance is incomplete.","","","","2026-10-03 13:53:32 UTC"
"408","Billing Webhook Processing & Event Handling","open","https://github.com/gameguild-gg/gameguild/issues/408","mathrmartins","mathrmartins","authored and assigned","back-end; billing-subscriptions-payments","","03/10/2025 10:29:41","01/10/2026 08:05:53","","Untriaged","Pending issue review","Pending code review","Undetermined","Undetermined","Pending requirements review","Undetermined","Not reviewed","","","","2026-10-03 13:53:32 UTC"
"409","[FEATURE] Fraud Detection & Risk Scoring","open","https://github.com/gameguild-gg/gameguild/issues/409","mathrmartins","mathrmartins","authored and assigned","back-end; billing-subscriptions-payments","","03/10/2025 10:29:46","26/09/2026 17:33:33","","Untriaged","Pending issue review","Pending code review","Undetermined","Undetermined","Pending requirements review","Undetermined","Not reviewed","","","","2026-10-03 13:53:32 UTC"
"410","[FEATURE] Gifting & Referral Reward Credit System","open","https://github.com/gameguild-gg/gameguild/issues/410","mathrmartins","mathrmartins","authored and assigned","back-end; billing-subscriptions-payments","","03/10/2025 10:29:49","26/09/2026 18:08:02","","Untriaged","Pending issue review","Pending code review","Undetermined","Undetermined","Pending requirements review","Undetermined","Not reviewed","","","","2026-10-03 13:53:32 UTC"
"411","Invoice Generation and Management","open","https://github.com/gameguild-gg/gameguild/issues/411","mathrmartins","mathrmartins","authored and assigned","back-end; billing-subscriptions-payments","","03/10/2025 10:29:52","26/09/2026 06:31:28","","Untriaged","Pending issue review","Pending code review","Undetermined","Undetermined","Pending requirements review","Undetermined","Not reviewed","","","","2026-10-03 13:53:32 UTC"
"412","[FEATURE] Multi-Currency Pricing & FX Rate Synchronization","open","https://github.com/gameguild-gg/gameguild/issues/412","mathrmartins","mathrmartins","authored and assigned","back-end; billing-subscriptions-payments","","03/10/2025 10:29:54","26/09/2026 15:19:48","","Untriaged","Pending issue review","Pending code review","Undetermined","Undetermined","Pending requirements review","Undetermined","Not reviewed","","","","2026-10-03 13:53:32 UTC"
"413","Multi-Gateway Payment Processing","open","https://github.com/gameguild-gg/gameguild/issues/413","mathrmartins","mathrmartins","authored and assigned","back-end; billing-subscriptions-payments","","03/10/2025 10:29:57","26/09/2026 06:31:27","","Untriaged","Pending issue review","Pending code review","Undetermined","Undetermined","Pending requirements review","Undetermined","Not reviewed","","","","2026-10-03 13:53:32 UTC"
"414","Payment Method Management","open","https://github.com/gameguild-gg/gameguild/issues/414","mathrmartins","mathrmartins","authored and assigned","back-end; billing-subscriptions-payments","","03/10/2025 10:30:00","26/09/2026 06:31:26","","Untriaged","Pending issue review","Pending code review","Undetermined","Undetermined","Pending requirements review","Undetermined","Not reviewed","","","","2026-10-03 13:53:32 UTC"
"415","Payment Processing with Retry Queue","open","https://github.com/gameguild-gg/gameguild/issues/415","mathrmartins","mathrmartins","authored and assigned","back-end; billing-subscriptions-payments","","03/10/2025 10:30:02","26/09/2026 06:31:25","","Untriaged","Pending issue review","Pending code review","Undetermined","Undetermined","Pending requirements review","Undetermined","Not reviewed","","","","2026-10-03 13:53:32 UTC"
"416","Plan Management CRUD Operations","open","https://github.com/gameguild-gg/gameguild/issues/416","mathrmartins","mathrmartins","authored and assigned","back-end; billing-subscriptions-payments","","03/10/2025 10:30:05","26/09/2026 06:31:24","","Untriaged","Pending issue review","Pending code review","Undetermined","Undetermined","Pending requirements review","Undetermined","Not reviewed","","","","2026-10-03 13:53:32 UTC"
"417","[FEATURE] Pricing Calculation Engine & Applied Discounts","open","https://github.com/gameguild-gg/gameguild/issues/417","mathrmartins","mathrmartins","authored and assigned","back-end; billing-subscriptions-payments","","03/10/2025 10:30:08","26/09/2026 06:31:23","","Untriaged","Pending issue review","Pending code review","Undetermined","Undetermined","Pending requirements review","Undetermined","Not reviewed","","","","2026-10-03 13:53:32 UTC"
"418","Promo Code & Discount Engine","open","https://github.com/gameguild-gg/gameguild/issues/418","mathrmartins","mathrmartins","authored and assigned","back-end; billing-subscriptions-payments","","03/10/2025 10:30:11","26/09/2026 06:31:23","","Untriaged","Pending issue review","Pending code review","Undetermined","Undetermined","Pending requirements review","Undetermined","Not reviewed","","","","2026-10-03 13:53:32 UTC"
"419","Refund & Dispute Management","open","https://github.com/gameguild-gg/gameguild/issues/419","mathrmartins","mathrmartins","authored and assigned","back-end; billing-subscriptions-payments","","03/10/2025 10:30:16","26/09/2026 06:31:22","","Untriaged","Pending issue review","Pending code review","Undetermined","Undetermined","Pending requirements review","Undetermined","Not reviewed","","","","2026-10-03 13:53:32 UTC"
