number,title,state,html_url,author,assignees,scope_basis,labels,milestone,created_at,updated_at,closed_at,workstream,acceptance_criteria,code_evidence,canonical_issue,dependencies,tests_required,disposition,audit_status,related_pull_requests,latest_pr_commit,latest_pr_checks
8,Restructure/Reorganize Monorepo,closed,https://github.com/gameguild-gg/gameguild/issues/8,mathrmartins,mathrmartins,authored and assigned,enhancement,[V1] Content Management System - Proof of Concept - Courses,2024-04-01T15:33:53Z,2025-05-13T14:39:23Z,2025-05-13T14:39:17Z,Repository structure,Title-only request to restructure/reorganize the monorepo; the author closed it on 2025-05-13 saying substantial changes had been made on the gameguild-gg/website carnival branch. No detailed acceptance checklist was recorded.,"Current repository root has game-guild.sln plus apps/api, apps/web, packages/, tools/, demos/, and docs/. This shows the reorganized multi-application/package layout exists; scope is historical and underspecified.",None identified,None identified,No behavioral test was defined; verify the repository boundaries exist.,Resolved historically; keep closed. Current app/package/tool organization satisfies the title-level request; no specific unmet criterion is identifiable.,Audited against the current tree and 2025-05-13 closure comment; acceptance inferred because the issue body is empty. GitHub evidence: https://github.com/gameguild-gg/gameguild/issues/8#issuecomment-5881731120,,,
9,"Organize the projects into ""packages"" and ""services""",closed,https://github.com/gameguild-gg/gameguild/issues/9,mathrmartins,mathrmartins,authored and assigned,enhancement,[V1] Content Management System - Proof of Concept - Courses,2024-04-01T15:34:08Z,2025-01-13T14:52:51Z,2025-01-13T14:52:50Z,Repository structure,Title-only request to organize projects into packages and services; the owner closed it with the comment “done” on 2025-01-13.,"apps/api and apps/web contain deployable applications; packages/ contains reusable feature, infrastructure, and tooling modules; API modules are under apps/api/Source/Modules.",None identified,None identified,No behavior test was defined; inspect the application/package boundaries.,Implemented; keep closed. The current apps/ and packages/ layout matches the request and the owner marked it done; no follow-on gap is specified.,"Audited against the current tree, empty issue body, and closure comment; acceptance inferred from the title. GitHub evidence: https://github.com/gameguild-gg/gameguild/issues/9#issuecomment-5881731129",,,
10,Restructure/Reorganize the backend boilerplate (Nest.js),closed,https://github.com/gameguild-gg/gameguild/issues/10,mathrmartins,mathrmartins,authored and assigned,back-end,[V2] Content Management System - MVP - Payment,2024-04-01T15:34:25Z,2026-09-25T16:23:12Z,2024-07-01T20:16:17Z,Backend architecture,Create or restructure the backend boilerplate using Nest.js; the issue body is empty and records no further acceptance criteria.,"Current backend solution is apps/api/GameGuild.sln, with host apps/api/Source/GameGuild.API and modules under apps/api/Source/Modules. The author’s 2026-09-25 issue comment explicitly says this .NET architecture supersedes the Nest.js proposal.",None identified,Current .NET backend architecture decision,No Nest.js implementation test is applicable after the architecture decision; current API project structure inspected.,"Obsolete; keep closed. The product uses modular .NET, and the owner documented that this supersedes the Nest.js request.",Audited against current backend paths and the 2026-09-25 closeout comment. GitHub evidence: https://github.com/gameguild-gg/gameguild/issues/10#issuecomment-5835743821,,,
12,Restructure/Reorganize the frontend boilerplate (Next.js),closed,https://github.com/gameguild-gg/gameguild/issues/12,mathrmartins,mathrmartins,authored and assigned,enhancement,[V2] Content Management System - MVP - Payment,2024-04-01T15:34:33Z,2025-05-13T14:41:18Z,2025-05-13T14:41:02Z,Frontend architecture,Title-only request to restructure/reorganize the frontend boilerplate on Next.js; the owner marked the broader frontend changes done on 2025-05-13.,apps/web/package.json defines Next.js dev/build/start scripts; apps/web/next.config.ts and apps/web/Dockerfile are present.,None identified,None identified,No remaining migration criterion is specified; verify the Next.js app configuration and package scripts.,Implemented; keep closed. The current Next.js app structure and owner closure comment support the title-level request.,Audited against the current frontend package and closure comment; acceptance inferred from title. GitHub evidence: https://github.com/gameguild-gg/gameguild/issues/12#issuecomment-5881731141,,,
13,Configure Dockerfiles,closed,https://github.com/gameguild-gg/gameguild/issues/13,mathrmartins,mathrmartins; tolstenko,authored and assigned,enhancement,[V1] Content Management System - Proof of Concept - Courses,2024-04-01T15:34:39Z,2025-01-13T14:50:21Z,2025-01-13T14:50:21Z,Containerization,Title-only request to configure Dockerfiles; the issue body is empty. The owner linked this issue to #72 and closed it in favor of that issue.,apps/api/Dockerfile and apps/web/Dockerfile are present. The API image built successfully as gameguild-api-issue13-audit; the Web image built successfully as gameguild-web-issue13-audit using a temporary BuildKit secret. The owner’s issue comment links #13 to #72.,#72,"Issue #72, already closed",Build the API and Web Docker images.,Implemented and consolidated with #72; keep closed. Both current application Dockerfiles built successfully.,Audited: both Docker image builds passed locally on 2026-09-28; owner’s #72 consolidation comment verified. GitHub evidence: https://github.com/gameguild-gg/gameguild/issues/13#issuecomment-5881731156,,,
14,Implement the error page,closed,https://github.com/gameguild-gg/gameguild/issues/14,mathrmartins,mathrmartins,authored and assigned,enhancement; released,[V1] Content Management System - Proof of Concept - Courses,2024-04-01T15:34:59Z,2026-04-23T01:53:02Z,2025-02-01T02:48:54Z,Untriaged,Pending issue review,Pending code review,Undetermined,Undetermined,Pending requirements review,Undetermined,Not reviewed,,,
15,Implement the global error page,closed,https://github.com/gameguild-gg/gameguild/issues/15,mathrmartins,mathrmartins,authored and assigned,enhancement; released,[V1] Content Management System - Proof of Concept - Courses,2024-04-01T15:35:03Z,2026-04-23T01:53:04Z,2025-02-01T02:48:54Z,Untriaged,Pending issue review,Pending code review,Undetermined,Undetermined,Pending requirements review,Undetermined,Not reviewed,,,
16,Implement Torus integration,closed,https://github.com/gameguild-gg/gameguild/issues/16,mathrmartins,mathrmartins; tolstenko,authored and assigned,front-end; good first issue; web3,[V2] Content Management System - MVP - Payment,2024-04-01T15:35:06Z,2026-09-26T10:20:51Z,2026-09-26T10:20:47Z,Untriaged,Pending issue review,Pending code review,Undetermined,Undetermined,Pending requirements review,Undetermined,Not reviewed,,,
17,Implement TrustWallet integration,closed,https://github.com/gameguild-gg/gameguild/issues/17,mathrmartins,tolstenko,authored,front-end; web3,[V2] Content Management System - MVP - Payment,2024-04-01T15:35:11Z,2026-09-26T10:20:53Z,2026-09-26T10:20:49Z,Untriaged,Pending issue review,Pending code review,Undetermined,Undetermined,Pending requirements review,Undetermined,Not reviewed,,,
18,Implement WalletConnect integration,closed,https://github.com/gameguild-gg/gameguild/issues/18,mathrmartins,,authored,Stale; front-end; web3,[V2] Content Management System - MVP - Payment,2024-04-01T15:35:13Z,2026-09-25T16:26:05Z,2025-10-19T03:04:26Z,Untriaged,Pending issue review,Pending code review,Undetermined,Undetermined,Pending requirements review,Undetermined,Not reviewed,,,
19,UI/UX Design for the Website,closed,https://github.com/gameguild-gg/gameguild/issues/19,mathrmartins,mathrmartins; tolstenko,authored and assigned,documentation; enhancement,[V1] Content Management System - Proof of Concept - Courses,2024-04-01T15:35:17Z,2025-05-13T14:47:07Z,2025-05-13T14:47:02Z,Untriaged,Pending issue review,Pending code review,Undetermined,Undetermined,Pending requirements review,Undetermined,Not reviewed,,,
20,Create the Design System,closed,https://github.com/gameguild-gg/gameguild/issues/20,mathrmartins,mathrmartins,authored and assigned,design-&-marketing; front-end,[V1] Content Management System - Proof of Concept - Courses,2024-04-01T15:35:24Z,2025-05-13T14:59:56Z,2025-05-11T03:05:01Z,Untriaged,Pending issue review,Pending code review,Undetermined,Undetermined,Pending requirements review,Undetermined,Not reviewed,,,
21,Implementation of the User Profile page,closed,https://github.com/gameguild-gg/gameguild/issues/21,mathrmartins,tolstenko,authored,Stale; design-&-marketing; front-end; full-stack,[V2] Content Management System - MVP - Payment,2024-04-01T15:35:27Z,2026-09-26T09:30:57Z,2025-10-18T02:41:48Z,Untriaged,Pending issue review,Pending code review,Undetermined,Undetermined,Pending requirements review,Undetermined,Not reviewed,,,
22,Implementation of the Courses pages,closed,https://github.com/gameguild-gg/gameguild/issues/22,mathrmartins,,authored,design-&-marketing; front-end; full-stack,[V1] Content Management System - Proof of Concept - Courses,2024-04-01T15:35:30Z,2025-01-19T18:09:59Z,2025-01-13T14:47:41Z,Untriaged,Pending issue review,Pending code review,Undetermined,Undetermined,Pending requirements review,Undetermined,Not reviewed,,,
23,Implement the layout for the authentication-related pages,closed,https://github.com/gameguild-gg/gameguild/issues/23,mathrmartins,mathrmartins,authored and assigned,enhancement,[V1] Content Management System - Proof of Concept - Courses,2024-04-01T15:35:33Z,2026-09-26T09:30:58Z,2024-07-01T19:52:08Z,Untriaged,Pending issue review,Pending code review,Undetermined,Undetermined,Pending requirements review,Undetermined,Not reviewed,,,
24,UI/UX Design for the Courses pages,closed,https://github.com/gameguild-gg/gameguild/issues/24,mathrmartins,alec-o-mago,authored,design-&-marketing; front-end; good first issue; help wanted,[V1] Content Management System - Proof of Concept - Courses,2024-04-01T15:35:36Z,2025-01-19T18:10:18Z,2025-01-13T14:49:05Z,Untriaged,Pending issue review,Pending code review,Undetermined,Undetermined,Pending requirements review,Undetermined,Not reviewed,,,
25,UI/UX Design for the User Profile page,closed,https://github.com/gameguild-gg/gameguild/issues/25,mathrmartins,,authored,design-&-marketing; front-end,[V1] Content Management System - Proof of Concept - Courses,2024-04-01T15:35:39Z,2026-09-26T09:31:00Z,2025-05-13T15:03:18Z,Untriaged,Pending issue review,Pending code review,Undetermined,Undetermined,Pending requirements review,Undetermined,Not reviewed,,,
26,Design the Sign-Up page,closed,https://github.com/gameguild-gg/gameguild/issues/26,mathrmartins,mathrmartins,authored and assigned,documentation; enhancement,[V1] Content Management System - Proof of Concept - Courses,2024-04-01T15:35:42Z,2026-09-26T09:31:01Z,2024-06-28T18:16:42Z,Untriaged,Pending issue review,Pending code review,Undetermined,Undetermined,Pending requirements review,Undetermined,Not reviewed,,,
27,Implement the Sign-In page,closed,https://github.com/gameguild-gg/gameguild/issues/27,mathrmartins,mathrmartins,authored and assigned,enhancement,[V1] Content Management System - Proof of Concept - Courses,2024-04-01T15:35:49Z,2026-09-26T09:31:02Z,2024-07-01T19:46:07Z,Untriaged,Pending issue review,Pending code review,Undetermined,Undetermined,Pending requirements review,Undetermined,Not reviewed,,,
28,Implement the 404 error page,open,https://github.com/gameguild-gg/gameguild/issues/28,mathrmartins,mathrmartins; migmoroni,authored and assigned,enhancement,[V1] Content Management System - Proof of Concept - Courses,2024-04-01T15:35:55Z,2026-09-29T06:39:00Z,,Web experience,"Issue owner clarified: responsive, branded 404 using shared tokens and recovery copy; one accessible h1 and a named navigation landmark with visible keyboard focus; locale-aware home and course links; focused tests for heading, landmark, and destinations.","PR #592 commit 4e4469aba: responsive not-found.tsx uses GameGuild tokens and next-intl Link for home and courses; shared Button preserves visible focus. Tests cover the h1, navigation landmark, and both hrefs; focused suite passed 2/2.",None identified,"Uses the existing localized route, next-intl navigation wrapper, and shared Button tokens.","Focused tests for heading, named navigation, and links; PR Verify Web lint, typecheck, full suite, and build.","In progress; keep open until PR #592 Web Verify and required review pass.","Owner acceptance comment reviewed; current Next.js not-found contract checked. Focused tests 2/2; ESLint and CI-prepared Web typecheck passed locally. PR #592 Web Verify pending.",https://github.com/gameguild-gg/gameguild/pull/592,4e4469aba,"PR #592: Codacy, classifier, repository policy, and hygiene passed; Web Verify pending; API, OpenAPI, migration, and economy jobs skipped."
29,Implement the Sign-in with Google,open,https://github.com/gameguild-gg/gameguild/issues/29,mathrmartins,mathrmartins,authored and assigned,enhancement,[V1] Content Management System - Proof of Concept - Courses,2024-04-01T15:36:00Z,2026-09-26T09:31:08Z,,Untriaged,Pending issue review,Pending code review,Undetermined,Undetermined,Pending requirements review,Undetermined,Not reviewed,,,
30,Implement Web3 authentication with SIWE standard,open,https://github.com/gameguild-gg/gameguild/issues/30,mathrmartins,mathrmartins; tolstenko,authored and assigned,enhancement,[V2] Content Management System - MVP - Payment,2024-04-01T15:36:05Z,2026-09-25T16:26:04Z,,Authentication and identity,"The issue body is empty. The owner clarification comment requires SIWE/ERC-4361: validate the complete signed message, configured domain/URI, version, allowed chain, nonce, issued-at and expiry, and signature before issuing a session.","PR #587 head 87cfe7467. Web3Service builds/parses canonical SIWE messages, validates origin/chain/time/nonce, verifies EIP-191 signatures, and consumes challenges once. Web3AuthService issues JWT and refresh tokens after verification, currently using a generated user ID and wallet-derived @web3.local email rather than a persisted wallet account; durable account creation/linking is part of #291. Local authentication tests: 1,753/1,753; focused SIWE tests: 12/12.",,Host-configured SIWE origin and allowed chains. Browser wallet connection and durable wallet/account linking are tracked by canonical Web3 issue #291.,"Fresh GitHub API Verify, Web Verify and Repository policy checks for PR #587; verify valid session issuance and rejection of invalid origin, chain, nonce, time window, signature and replay. Account persistence and provider integration remain covered by #291.",In progress; SIWE standard behavior and API tests are locally verified. Keep open until fresh checks pass; track durable account linking under #291.,"Independent code audit complete; 1,753 authentication tests and 12 focused SIWE tests pass locally. Codacy passed before stacking. PR #587 now uses CI baseline PR #589; fresh checks are pending. Web3AuthService still issues tokens for a generated identity; account linking is not claimed as done.",https://github.com/gameguild-gg/gameguild/pull/587,87cfe7467,"PR #587 base is feature/web-verification-baseline (PR #589). Fresh API Verify, Web Verify, Codacy, OpenAPI and Repository policy checks are pending; prior failures were five dependency advisories and unused Web lint suppressions."
31,"Organize the UI components (Design System) into a ""package"" for use in different frontends",closed,https://github.com/gameguild-gg/gameguild/issues/31,mathrmartins,mathrmartins,authored and assigned,enhancement,[V1] Content Management System - Proof of Concept - Courses,2024-04-01T15:36:10Z,2026-09-26T09:31:03Z,2024-07-01T19:36:57Z,Untriaged,Pending issue review,Pending code review,Undetermined,Undetermined,Pending requirements review,Undetermined,Not reviewed,,,
32,"Create packages for custom configurations of Typescript, Prettier, ESLint, Jest",closed,https://github.com/gameguild-gg/gameguild/issues/32,mathrmartins,mathrmartins,authored and assigned,enhancement,[V1] Content Management System - Proof of Concept - Courses,2024-04-01T15:36:19Z,2026-09-26T09:31:05Z,2024-07-01T19:35:45Z,Untriaged,Pending issue review,Pending code review,Undetermined,Undetermined,Pending requirements review,Undetermined,Not reviewed,,,
33,Implement the dynamic generation of the web application manifest,closed,https://github.com/gameguild-gg/gameguild/issues/33,mathrmartins,mathrmartins,authored and assigned,enhancement; released,[V1] Content Management System - Proof of Concept - Courses,2024-04-01T15:36:31Z,2026-09-26T09:31:06Z,2025-05-13T15:13:33Z,Untriaged,Pending issue review,Pending code review,Undetermined,Undetermined,Pending requirements review,Undetermined,Not reviewed,,,
34,Design the Sign-In page,closed,https://github.com/gameguild-gg/gameguild/issues/34,mathrmartins,mathrmartins,authored and assigned,documentation; enhancement,[V1] Content Management System - Proof of Concept - Courses,2024-04-01T15:36:34Z,2026-09-26T09:59:30Z,2025-01-19T18:17:17Z,Untriaged,Pending issue review,Pending code review,Undetermined,Undetermined,Pending requirements review,Undetermined,Not reviewed,,,
35,Implement dynamic generation of the robots.txt,closed,https://github.com/gameguild-gg/gameguild/issues/35,mathrmartins,mathrmartins,authored and assigned,enhancement; released,[V1] Content Management System - Proof of Concept - Courses,2024-04-01T15:36:38Z,2026-09-26T09:59:32Z,2025-05-13T15:17:23Z,Untriaged,Pending issue review,Pending code review,Undetermined,Undetermined,Pending requirements review,Undetermined,Not reviewed,,,
36,Implement the dynamic metadata generation,open,https://github.com/gameguild-gg/gameguild/issues/36,mathrmartins,tolstenko,authored,enhancement,[V1] Content Management System - Proof of Concept - Courses,2024-04-01T15:36:43Z,2026-09-26T09:56:25Z,,Untriaged,Pending issue review,Pending code review,Undetermined,Undetermined,Pending requirements review,Undetermined,Not reviewed,,,
37,Implement the dynamic sitemap generation,closed,https://github.com/gameguild-gg/gameguild/issues/37,mathrmartins,mathrmartins,authored and assigned,Stale; enhancement,[V1] Content Management System - Proof of Concept - Courses,2024-04-01T15:36:47Z,2026-09-26T09:59:34Z,2025-10-17T02:48:50Z,Untriaged,Pending issue review,Pending code review,Undetermined,Undetermined,Pending requirements review,Undetermined,Not reviewed,,,
38,Implement a React Context for integration with Web3 wallet,closed,https://github.com/gameguild-gg/gameguild/issues/38,mathrmartins,mathrmartins,authored and assigned,enhancement,[V2] Content Management System - MVP - Payment,2024-04-01T15:36:51Z,2026-09-25T16:26:08Z,2025-01-10T14:32:48Z,Untriaged,Pending issue review,Pending code review,Undetermined,Undetermined,Pending requirements review,Undetermined,Not reviewed,,,
39,Implement Metamask integration,closed,https://github.com/gameguild-gg/gameguild/issues/39,mathrmartins,mathrmartins; tolstenko,authored and assigned,enhancement,[V2] Content Management System - MVP - Payment,2024-04-01T15:36:58Z,2026-09-25T16:26:12Z,2024-07-01T20:24:21Z,Untriaged,Pending issue review,Pending code review,Undetermined,Undetermined,Pending requirements review,Undetermined,Not reviewed,,,
40,Implement the Sign-Up page,closed,https://github.com/gameguild-gg/gameguild/issues/40,mathrmartins,mathrmartins,authored and assigned,enhancement,[V1] Content Management System - Proof of Concept - Courses,2024-04-01T15:37:02Z,2026-09-26T09:59:36Z,2024-06-28T18:11:21Z,Untriaged,Pending issue review,Pending code review,Undetermined,Undetermined,Pending requirements review,Undetermined,Not reviewed,,,
41,Implement the JWT access token and refresh token,closed,https://github.com/gameguild-gg/gameguild/issues/41,mathrmartins,mathrmartins,authored and assigned,enhancement,[V1] Content Management System - Proof of Concept - Courses,2024-04-01T15:37:12Z,2026-09-26T10:02:24Z,2025-01-10T14:32:07Z,Untriaged,Pending issue review,Pending code review,Undetermined,Undetermined,Pending requirements review,Undetermined,Not reviewed,,,
42,Implement the email and password authentication,closed,https://github.com/gameguild-gg/gameguild/issues/42,mathrmartins,mathrmartins,authored and assigned,enhancement,[V1] Content Management System - Proof of Concept - Courses,2024-04-01T15:37:21Z,2026-09-26T09:59:39Z,2024-06-28T18:14:29Z,Untriaged,Pending issue review,Pending code review,Undetermined,Undetermined,Pending requirements review,Undetermined,Not reviewed,,,
43,Login via Magic link via email,open,https://github.com/gameguild-gg/gameguild/issues/43,mathrmartins,mathrmartins; tolstenko,authored and assigned,enhancement,[V1] Content Management System - Proof of Concept - Courses,2024-04-01T15:37:25Z,2026-09-26T09:51:51Z,,Untriaged,Pending issue review,Pending code review,Undetermined,Undetermined,Pending requirements review,Undetermined,Not reviewed,,,
44,Integrate with Google Tag Manager,closed,https://github.com/gameguild-gg/gameguild/issues/44,mathrmartins,mathrmartins,authored and assigned,enhancement,[V1] Content Management System - Proof of Concept - Courses,2024-04-01T17:19:07Z,2026-09-26T09:59:41Z,2025-01-13T14:46:15Z,Untriaged,Pending issue review,Pending code review,Undetermined,Undetermined,Pending requirements review,Undetermined,Not reviewed,,,
45,Integrate with Google Analytics,closed,https://github.com/gameguild-gg/gameguild/issues/45,mathrmartins,mathrmartins,authored and assigned,enhancement,[V1] Content Management System - Proof of Concept - Courses,2024-04-01T17:19:12Z,2026-09-26T09:59:43Z,2024-07-01T19:28:07Z,Untriaged,Pending issue review,Pending code review,Undetermined,Undetermined,Pending requirements review,Undetermined,Not reviewed,,,
46,Restructure/Reorganize the backend boilerplate (Nest.js),closed,https://github.com/gameguild-gg/gameguild/issues/46,mathrmartins,mathrmartins,authored and assigned,enhancement,[V2] Content Management System - MVP - Payment,2024-04-01T17:23:02Z,2026-09-25T16:23:13Z,2024-07-01T19:01:38Z,Untriaged,Pending issue review,Pending code review,Undetermined,Undetermined,Pending requirements review,Undetermined,Not reviewed,,,
54,Create a notification system - Whatsapp,closed,https://github.com/gameguild-gg/gameguild/issues/54,tolstenko,mathrmartins,assigned,enhancement,[V1] Content Management System - Proof of Concept - Courses,2024-04-05T16:41:19Z,2026-09-26T10:03:58Z,2024-07-01T19:25:01Z,Untriaged,Pending issue review,Pending code review,Undetermined,Undetermined,Pending requirements review,Undetermined,Not reviewed,,,
55,Create whatsapp broadcast management system,closed,https://github.com/gameguild-gg/gameguild/issues/55,tolstenko,mathrmartins,assigned,enhancement,[V3] Courses Assignments and Community Interaction,2024-04-05T16:45:02Z,2026-09-26T10:04:00Z,2025-05-06T02:56:38Z,Untriaged,Pending issue review,Pending code review,Undetermined,Undetermined,Pending requirements review,Undetermined,Not reviewed,,,
56,Design a layout for the authentication-related pages,closed,https://github.com/gameguild-gg/gameguild/issues/56,mathrmartins,mathrmartins,authored and assigned,,,2024-04-05T18:03:56Z,2026-09-26T10:04:02Z,2024-07-01T20:35:15Z,Untriaged,Pending issue review,Pending code review,Undetermined,Undetermined,Pending requirements review,Undetermined,Not reviewed,,,
81,Report development statuses,closed,https://github.com/gameguild-gg/gameguild/issues/81,tolstenko,AlexRamosBrazil; Germano123; alec-o-mago; mathrmartins; migmoroni; tolstenko,assigned,enhancement,,2025-01-10T14:23:46Z,2026-09-26T10:12:58Z,2025-02-18T11:30:25Z,Untriaged,Pending issue review,Pending code review,Undetermined,Undetermined,Pending requirements review,Undetermined,Not reviewed,,,
84,[Enhancement]: Project management,open,https://github.com/gameguild-gg/gameguild/issues/84,tolstenko,mathrmartins,assigned,commerce; enhancement; gamejams; projects,,2025-01-13T14:57:54Z,2026-09-26T10:14:41Z,,Untriaged,Pending issue review,Pending code review,Undetermined,Undetermined,Pending requirements review,Undetermined,Not reviewed,,,
92,[Enhancement]: Automatically translate content to the one browser is running,open,https://github.com/gameguild-gg/gameguild/issues/92,tolstenko,mathrmartins,assigned,enhancement; localization,,2025-01-21T19:15:27Z,2026-09-26T10:14:43Z,,Untriaged,Pending issue review,Pending code review,Undetermined,Undetermined,Pending requirements review,Undetermined,Not reviewed,,,
97,[Bug]: Double scroll bars,open,https://github.com/gameguild-gg/gameguild/issues/97,tolstenko,mathrmartins; tolstenko; vikumm,assigned,bug; good first issue; triage,,2025-01-24T14:52:07Z,2026-09-26T10:14:46Z,,Untriaged,Pending issue review,Pending code review,Undetermined,Undetermined,Pending requirements review,Undetermined,Not reviewed,,,
99,[Bug]: Changing language does not work as expected,closed,https://github.com/gameguild-gg/gameguild/issues/99,mohsenkhosroanjam,mathrmartins,assigned,bug; duplicate,,2025-01-24T18:02:29Z,2026-09-26T10:13:00Z,2025-04-25T02:54:12Z,Untriaged,Pending issue review,Pending code review,Undetermined,Undetermined,Pending requirements review,Undetermined,Not reviewed,,,
106,[Enhancement]: Hide all nestjs api calls in nextjs server actions to make it server side,closed,https://github.com/gameguild-gg/gameguild/issues/106,tolstenko,mathrmartins,assigned,Stale; enhancement,,2025-01-30T15:03:18Z,2026-09-26T10:13:02Z,2025-08-13T03:08:58Z,Untriaged,Pending issue review,Pending code review,Undetermined,Undetermined,Pending requirements review,Undetermined,Not reviewed,,,
109,[Enhancement]: Visual Identity and Branding,closed,https://github.com/gameguild-gg/gameguild/issues/109,Germano123,mathrmartins,assigned,Stale; design-&-marketing; enhancement; help wanted,,2025-01-31T18:39:32Z,2026-09-26T10:13:04Z,2025-08-13T03:08:56Z,Untriaged,Pending issue review,Pending code review,Undetermined,Undetermined,Pending requirements review,Undetermined,Not reviewed,,,
111,[Enhancement]: Wrap wasm packages into webworkers and expose its functions to react,open,https://github.com/gameguild-gg/gameguild/issues/111,tolstenko,mathrmartins,assigned,enhancement; front-end,,2025-02-04T17:08:20Z,2026-09-26T10:12:53Z,,Untriaged,Pending issue review,Pending code review,Undetermined,Undetermined,Pending requirements review,Undetermined,Not reviewed,,,
115,[Enhancement]: Create a use-wasmer package and publish under gg npm,closed,https://github.com/gameguild-gg/gameguild/issues/115,tolstenko,mathrmartins,assigned,documentation; enhancement; front-end; management,,2025-02-08T15:43:10Z,2026-09-26T10:13:06Z,2025-05-10T02:51:55Z,Untriaged,Pending issue review,Pending code review,Undetermined,Undetermined,Pending requirements review,Undetermined,Not reviewed,,,
116,[Enhancement]: Improve CI/CD following our git flow process,open,https://github.com/gameguild-gg/gameguild/issues/116,tolstenko,mathrmartins,assigned,documentation; enhancement; management; semantic-release,,2025-02-08T16:59:38Z,2026-09-26T10:14:48Z,,Untriaged,Pending issue review,Pending code review,Undetermined,Undetermined,Pending requirements review,Undetermined,Not reviewed,,,
143,Test API Versioning,closed,https://github.com/gameguild-gg/gameguild/issues/143,mathrmartins,mathrmartins,authored and assigned,back-end; enhancement,,2025-10-03T10:00:49Z,2026-09-26T10:13:08Z,2025-10-03T10:01:30Z,Untriaged,Pending issue review,Pending code review,Undetermined,Undetermined,Pending requirements review,Undetermined,Not reviewed,,,
"144","API Versioning Options Configuration","open","https://github.com/gameguild-gg/gameguild/issues/144","mathrmartins","mathrmartins","authored and assigned","api-features; back-end","","2025-10-03T10:07:45Z","2025-10-03T10:07:45Z","","API platform","Configure URL, header, and query version readers; default and fallback behavior; semantic/date/custom formats; deprecation and compatibility; routing; OpenAPI; format validation; pre-release versions; logs/metrics; tests and migration guidance.","PR #591 at head cdaabe6ba adds parser-backed validation, opt-in semantic major.minor.patch parsing with prerelease/build metadata, date fallback, controller/action attributes, supported/deprecated reporting, sunset metadata, and docs. SharedKernel tests 30/30 and API OpenAPI/TestServer tests 14/14 passed on the feature commits. CI exposed missing generated ProjectVersionOptionProjection.imageUrl; synced TS/Zod generated client contract and OpenAPI generation passed.","#144; #272 is identified as a historical duplicate in PR #591","ASP.NET API version readers, OpenAPI generation, client generation, compatibility policy, usage logging/metrics, and consumer migration guidance.","Validate URL, query, header, media-type, combined and default readers; native, semantic, date and prerelease format behavior; compatibility matrix, OpenAPI grouping, deprecation/sunset and representative performance. Focused parser/API tests pass; generated client typecheck and combined CI are pending.","Partial implementation in PR #591; keep #144 open until remaining acceptance criteria and required checks have direct evidence.","Partial issue/source review complete. PR #591 is stacked on CI baseline #589; latest combined API/OpenAPI checks are rerunning. Client typecheck is running locally. Do not treat PR linkage as resolution evidence.","https://github.com/gameguild-gg/gameguild/pull/591","cdaabe6ba","After stacking on feature/web-verification-baseline: OpenAPI client consistency passed; API verify pending; Web verify and Repository policy failed on the prior run before baseline; fresh combined checks pending."
145,Authentication Options Configuration,open,https://github.com/gameguild-gg/gameguild/issues/145,mathrmartins,mathrmartins,authored and assigned,api-features; back-end,,2025-10-03T10:07:47Z,2025-10-03T10:07:47Z,,Untriaged,Pending issue review,Pending code review,Undetermined,Undetermined,Pending requirements review,Undetermined,Not reviewed,,,
146,Authorization Options Configuration,open,https://github.com/gameguild-gg/gameguild/issues/146,mathrmartins,mathrmartins,authored and assigned,api-features; back-end,,2025-10-03T10:07:50Z,2025-10-03T10:07:50Z,,Untriaged,Pending issue review,Pending code review,Undetermined,Undetermined,Pending requirements review,Undetermined,Not reviewed,,,
147,OpenAPI Options Configuration,open,https://github.com/gameguild-gg/gameguild/issues/147,mathrmartins,mathrmartins,authored and assigned,api-features; back-end,,2025-10-03T10:07:53Z,2025-10-03T10:07:53Z,,Untriaged,Pending issue review,Pending code review,Undetermined,Undetermined,Pending requirements review,Undetermined,Not reviewed,,,
148,Problem Details Options Configuration,open,https://github.com/gameguild-gg/gameguild/issues/148,mathrmartins,mathrmartins,authored and assigned,api-features; back-end,,2025-10-03T10:07:55Z,2025-10-03T10:07:55Z,,Untriaged,Pending issue review,Pending code review,Undetermined,Undetermined,Pending requirements review,Undetermined,Not reviewed,,,
149,Rate Limiting Options Configuration,open,https://github.com/gameguild-gg/gameguild/issues/149,mathrmartins,mathrmartins,authored and assigned,api-features; back-end,,2025-10-03T10:07:58Z,2026-09-28T09:22:12Z,,API foundation and rate limiting,"Issue criteria: per-user, per-IP, per-endpoint and global policies; fixed/sliding/token-bucket algorithms; configurable windows; penalties; Redis distributed and in-memory modes; response headers; monitoring/alerts; allow/deny lists. The proposed-solution section also mentions a database-backed store, while Acceptance Criteria and Definition of Done specify Redis and in-memory only; retain this as a scope discrepancy until resolved.","PR #582 head 6f4e6ebe8 implements validated policies, user/tenant/IP/endpoint partitioning, trusted proxies, Redis atomic limits, in-memory fallback, penalties, headers, metrics, alert rules and docs. Local verification: API rate-limit tests 32/32; Redis failure-mode tests 14/14; Redis integration tests 16/16, including two Kestrel hosts and concurrent requests. BenchmarkDotNet MediumRun: 7.790 µs/request unthrottled vs 9.441 µs/request with in-memory global limiting; 7.51 vs 8.83 KB managed allocation. Detailed report is in docs/plans/issue-closeout/issue-149-rate-limit-performance.md.",Undetermined,Redis for shared limits. Production profiling requires representative deployment traffic. Production Redis failure behavior needs owner selection; configuration supports FailOpen and FailClosed.,"Retain passing API, Redis failure-mode and Testcontainers integration evidence; re-run GitHub Web Verify after CI baseline repair; conduct representative production profiling once a configured environment is available.","In progress; implementation and local Redis/performance verification are recorded, but production profiling, owner selection of Redis failure mode, Web CI, and the database-backend scope discrepancy remain open.","Independent source and issue-criteria review complete for current code. API tests 32/32, Redis failure-mode tests 14/14, Redis Testcontainers integration 16/16; BenchmarkDotNet comparison complete. Production profiling, owner-selected Redis failure mode and the proposed database-store scope discrepancy remain open.",https://github.com/gameguild-gg/gameguild/pull/582,6f4e6ebe8,Repository policy: passed; API Verify: passed; OpenAPI: passed; Codacy: passed; Web Verify: failed on pre-baseline tests. Fresh Web verification pending CI baseline PR #589.
150,Admin Action Tracking,open,https://github.com/gameguild-gg/gameguild/issues/150,mathrmartins,mathrmartins,authored and assigned,audit; back-end,,2025-10-03T10:08:00Z,2025-10-03T10:08:00Z,,Untriaged,Pending issue review,Pending code review,Undetermined,Undetermined,Pending requirements review,Undetermined,Not reviewed,,,
151,[Enhancement]: admin audit console,closed,https://github.com/gameguild-gg/gameguild/issues/151,mathrmartins,mathrmartins,authored and assigned,audit; back-end,,2025-10-03T10:08:04Z,2026-09-26T04:02:32Z,2026-09-26T04:02:32Z,Untriaged,Pending issue review,Pending code review,Undetermined,Undetermined,Pending requirements review,Undetermined,Not reviewed,,,
152,[Enhancement]: admin audit console endpoints,closed,https://github.com/gameguild-gg/gameguild/issues/152,mathrmartins,mathrmartins,authored and assigned,audit; back-end,,2025-10-03T10:08:06Z,2026-09-26T04:02:35Z,2026-09-26T04:02:35Z,Untriaged,Pending issue review,Pending code review,Undetermined,Undetermined,Pending requirements review,Undetermined,Not reviewed,,,
153,[Enhancement]: admin operations tracking,closed,https://github.com/gameguild-gg/gameguild/issues/153,mathrmartins,mathrmartins,authored and assigned,audit; back-end,,2025-10-03T10:08:09Z,2026-09-26T04:02:38Z,2026-09-26T04:02:38Z,Untriaged,Pending issue review,Pending code review,Undetermined,Undetermined,Pending requirements review,Undetermined,Not reviewed,,,
154,All Admin Operations Tracking,open,https://github.com/gameguild-gg/gameguild/issues/154,mathrmartins,mathrmartins,authored and assigned,audit; back-end,,2025-10-03T10:08:14Z,2025-10-03T10:08:14Z,,Untriaged,Pending issue review,Pending code review,Undetermined,Undetermined,Pending requirements review,Undetermined,Not reviewed,,,
155,Audit Export Endpoints (CSV/JSON),open,https://github.com/gameguild-gg/gameguild/issues/155,mathrmartins,mathrmartins,authored and assigned,audit; back-end,,2025-10-03T10:08:16Z,2025-10-03T10:08:16Z,,Untriaged,Pending issue review,Pending code review,Undetermined,Undetermined,Pending requirements review,Undetermined,Not reviewed,,,
156,Audit Filtering Capabilities,open,https://github.com/gameguild-gg/gameguild/issues/156,mathrmartins,mathrmartins,authored and assigned,audit; back-end,,2025-10-03T10:08:19Z,2025-10-03T10:08:19Z,,Untriaged,Pending issue review,Pending code review,Undetermined,Undetermined,Pending requirements review,Undetermined,Not reviewed,,,
157,Audit Hooks for Permission Operations,open,https://github.com/gameguild-gg/gameguild/issues/157,mathrmartins,mathrmartins,authored and assigned,audit; back-end,,2025-10-03T10:08:22Z,2025-10-03T10:08:22Z,,Untriaged,Pending issue review,Pending code review,Undetermined,Undetermined,Pending requirements review,Undetermined,Not reviewed,,,
158,Audit Logging for Authentication Actions,open,https://github.com/gameguild-gg/gameguild/issues/158,mathrmartins,mathrmartins,authored and assigned,audit; back-end,,2025-10-03T10:08:25Z,2025-10-03T10:08:25Z,,Untriaged,Pending issue review,Pending code review,Undetermined,Undetermined,Pending requirements review,Undetermined,Not reviewed,,,
159,Audit Logging on Grants/Denies,open,https://github.com/gameguild-gg/gameguild/issues/159,mathrmartins,mathrmartins,authored and assigned,audit; back-end,,2025-10-03T10:08:27Z,2025-10-03T10:08:27Z,,Untriaged,Pending issue review,Pending code review,Undetermined,Undetermined,Pending requirements review,Undetermined,Not reviewed,,,
160,Audit Query DSL with Saved Views & Role-Based Access,open,https://github.com/gameguild-gg/gameguild/issues/160,mathrmartins,mathrmartins,authored and assigned,audit; back-end,,2025-10-03T10:08:30Z,2025-10-03T10:08:30Z,,Untriaged,Pending issue review,Pending code review,Undetermined,Undetermined,Pending requirements review,Undetermined,Not reviewed,,,
161,Audit Search by Action Type,open,https://github.com/gameguild-gg/gameguild/issues/161,mathrmartins,mathrmartins,authored and assigned,audit; back-end,,2025-10-03T10:08:32Z,2025-10-03T10:08:32Z,,Untriaged,Pending issue review,Pending code review,Undetermined,Undetermined,Pending requirements review,Undetermined,Not reviewed,,,
162,Audit Search by Date Range,open,https://github.com/gameguild-gg/gameguild/issues/162,mathrmartins,mathrmartins,authored and assigned,audit; back-end,,2025-10-03T10:08:34Z,2025-10-03T10:08:34Z,,Untriaged,Pending issue review,Pending code review,Undetermined,Undetermined,Pending requirements review,Undetermined,Not reviewed,,,
163,[Enhancement]: audit search by user,open,https://github.com/gameguild-gg/gameguild/issues/163,mathrmartins,mathrmartins,authored and assigned,audit; back-end,,2025-10-03T10:08:37Z,2025-10-03T10:08:37Z,,Untriaged,Pending issue review,Pending code review,Undetermined,Undetermined,Pending requirements review,Undetermined,Not reviewed,,,
164,Audit Search Endpoints,open,https://github.com/gameguild-gg/gameguild/issues/164,mathrmartins,mathrmartins,authored and assigned,audit; back-end,,2025-10-03T10:08:41Z,2025-10-03T10:08:41Z,,Untriaged,Pending issue review,Pending code review,Undetermined,Undetermined,Pending requirements review,Undetermined,Not reviewed,,,
165,Audit Search & Filter System,open,https://github.com/gameguild-gg/gameguild/issues/165,mathrmartins,mathrmartins,authored and assigned,audit; back-end,,2025-10-03T10:08:44Z,2025-10-03T10:08:44Z,,Untriaged,Pending issue review,Pending code review,Undetermined,Undetermined,Pending requirements review,Undetermined,Not reviewed,,,
166,AuditService Logs All Changes,open,https://github.com/gameguild-gg/gameguild/issues/166,mathrmartins,mathrmartins,authored and assigned,audit; back-end,,2025-10-03T10:08:47Z,2025-10-03T10:08:47Z,,Untriaged,Pending issue review,Pending code review,Undetermined,Undetermined,Pending requirements review,Undetermined,Not reviewed,,,
167,[Enhancement]: audit statistics aggregation,open,https://github.com/gameguild-gg/gameguild/issues/167,mathrmartins,mathrmartins,authored and assigned,audit; back-end,,2025-10-03T10:08:49Z,2025-10-03T10:08:49Z,,Untriaged,Pending issue review,Pending code review,Undetermined,Undetermined,Pending requirements review,Undetermined,Not reviewed,,,
168,[Enhancement]: audit statistics endpoints,open,https://github.com/gameguild-gg/gameguild/issues/168,mathrmartins,mathrmartins,authored and assigned,audit; back-end,,2025-10-03T10:08:52Z,2025-10-03T10:08:52Z,,Untriaged,Pending issue review,Pending code review,Undetermined,Undetermined,Pending requirements review,Undetermined,Not reviewed,,,
169,Audit Stream Replay Capability for Incident Investigation,open,https://github.com/gameguild-gg/gameguild/issues/169,mathrmartins,mathrmartins,authored and assigned,audit; back-end,,2025-10-03T10:08:55Z,2025-10-03T10:08:55Z,,Untriaged,Pending issue review,Pending code review,Undetermined,Undetermined,Pending requirements review,Undetermined,Not reviewed,,,
170,[Enhancement]: audit trail export csv,closed,https://github.com/gameguild-gg/gameguild/issues/170,mathrmartins,mathrmartins,authored and assigned,audit; back-end,,2025-10-03T10:08:57Z,2026-09-25T16:45:05Z,2026-09-25T16:45:05Z,Untriaged,Pending issue review,Pending code review,Undetermined,Undetermined,Pending requirements review,Undetermined,Not reviewed,,,
171,Audit Trail Export (CSV Format),open,https://github.com/gameguild-gg/gameguild/issues/171,mathrmartins,mathrmartins,authored and assigned,audit; back-end,,2025-10-03T10:08:59Z,2025-10-03T10:08:59Z,,Untriaged,Pending issue review,Pending code review,Undetermined,Undetermined,Pending requirements review,Undetermined,Not reviewed,,,
172,[Enhancement]: audit trail export json,closed,https://github.com/gameguild-gg/gameguild/issues/172,mathrmartins,mathrmartins,authored and assigned,audit; back-end,,2025-10-03T10:09:02Z,2026-09-25T16:45:05Z,2026-09-25T16:45:05Z,Untriaged,Pending issue review,Pending code review,Undetermined,Undetermined,Pending requirements review,Undetermined,Not reviewed,,,
173,Audit Trail Export (JSON Format),open,https://github.com/gameguild-gg/gameguild/issues/173,mathrmartins,mathrmartins,authored and assigned,audit; back-end,,2025-10-03T10:09:04Z,2025-10-03T10:09:04Z,,Untriaged,Pending issue review,Pending code review,Undetermined,Undetermined,Pending requirements review,Undetermined,Not reviewed,,,
174,Authentication Events Tracking,open,https://github.com/gameguild-gg/gameguild/issues/174,mathrmartins,mathrmartins,authored and assigned,audit; back-end,,2025-10-03T10:09:09Z,2025-10-03T10:09:09Z,,Untriaged,Pending issue review,Pending code review,Undetermined,Undetermined,Pending requirements review,Undetermined,Not reviewed,,,
175,Authorization Events Tracking,open,https://github.com/gameguild-gg/gameguild/issues/175,mathrmartins,mathrmartins,authored and assigned,audit; back-end,,2025-10-03T10:09:12Z,2025-10-03T10:09:12Z,,Untriaged,Pending issue review,Pending code review,Undetermined,Undetermined,Pending requirements review,Undetermined,Not reviewed,,,
176,Before/After Value Snapshots for All Mutations,open,https://github.com/gameguild-gg/gameguild/issues/176,mathrmartins,mathrmartins,authored and assigned,audit; back-end,,2025-10-03T10:09:15Z,2025-10-03T10:09:15Z,,Untriaged,Pending issue review,Pending code review,Undetermined,Undetermined,Pending requirements review,Undetermined,Not reviewed,,,
177,Chain-of-Custody Evidence Tracking for Forensics,open,https://github.com/gameguild-gg/gameguild/issues/177,mathrmartins,mathrmartins,authored and assigned,audit; back-end,,2025-10-03T10:09:17Z,2025-10-03T10:09:17Z,,Untriaged,Pending issue review,Pending code review,Undetermined,Undetermined,Pending requirements review,Undetermined,Not reviewed,,,
178,Compliance Evidence Packaging (SOC2 / ISO 27001 Bundles),open,https://github.com/gameguild-gg/gameguild/issues/178,mathrmartins,mathrmartins,authored and assigned,audit; back-end,,2025-10-03T10:09:19Z,2026-07-15T20:43:57Z,,Untriaged,Pending issue review,Pending code review,Undetermined,Undetermined,Pending requirements review,Undetermined,Not reviewed,,,
179,[Enhancement]: compliance reporting capabilities,open,https://github.com/gameguild-gg/gameguild/issues/179,mathrmartins,mathrmartins,authored and assigned,audit; back-end,,2025-10-03T10:09:22Z,2025-10-03T10:09:22Z,,Untriaged,Pending issue review,Pending code review,Undetermined,Undetermined,Pending requirements review,Undetermined,Not reviewed,,,
180,Comprehensive Audit Trail Coverage,open,https://github.com/gameguild-gg/gameguild/issues/180,mathrmartins,mathrmartins,authored and assigned,audit; back-end,,2025-10-03T10:09:25Z,2025-10-03T10:09:25Z,,Untriaged,Pending issue review,Pending code review,Undetermined,Undetermined,Pending requirements review,Undetermined,Not reviewed,,,
181,Comprehensive Event Tracking,open,https://github.com/gameguild-gg/gameguild/issues/181,mathrmartins,mathrmartins,authored and assigned,audit; back-end,,2025-10-03T10:09:28Z,2025-10-03T10:09:28Z,,Untriaged,Pending issue review,Pending code review,Undetermined,Undetermined,Pending requirements review,Undetermined,Not reviewed,,,
182,Configurable Retention Policies,open,https://github.com/gameguild-gg/gameguild/issues/182,mathrmartins,mathrmartins,authored and assigned,audit; back-end,,2025-10-03T10:09:31Z,2025-10-03T10:09:31Z,,Untriaged,Pending issue review,Pending code review,Undetermined,Undetermined,Pending requirements review,Undetermined,Not reviewed,,,
183,Cryptographic Signing & Integrity Verification of Audit Records,open,https://github.com/gameguild-gg/gameguild/issues/183,mathrmartins,mathrmartins,authored and assigned,audit; back-end,,2025-10-03T10:09:34Z,2025-10-03T10:09:34Z,,Untriaged,Pending issue review,Pending code review,Undetermined,Undetermined,Pending requirements review,Undetermined,Not reviewed,,,
184,Enterprise Audit Module Implementation,open,https://github.com/gameguild-gg/gameguild/issues/184,mathrmartins,mathrmartins,authored and assigned,audit; back-end,,2025-10-03T10:09:39Z,2025-11-30T21:37:02Z,,Untriaged,Pending issue review,Pending code review,Undetermined,Undetermined,Pending requirements review,Undetermined,Not reviewed,,,
185,Export Functionality,open,https://github.com/gameguild-gg/gameguild/issues/185,mathrmartins,mathrmartins,authored and assigned,audit; back-end,,2025-10-03T10:09:41Z,2025-10-03T10:09:41Z,,Untriaged,Pending issue review,Pending code review,Undetermined,Undetermined,Pending requirements review,Undetermined,Not reviewed,,,
186,Field-Level Data Access Auditing with Sensitive Field Masking,open,https://github.com/gameguild-gg/gameguild/issues/186,mathrmartins,mathrmartins,authored and assigned,audit; back-end,,2025-10-03T10:09:43Z,2025-10-03T10:09:43Z,,Untriaged,Pending issue review,Pending code review,Undetermined,Undetermined,Pending requirements review,Undetermined,Not reviewed,,,
187,Geographic IP-Based Access Pattern Analysis & Alerts,open,https://github.com/gameguild-gg/gameguild/issues/187,mathrmartins,mathrmartins,authored and assigned,audit; back-end,,2025-10-03T10:09:46Z,2025-10-03T10:11:16Z,,Untriaged,Pending issue review,Pending code review,Undetermined,Undetermined,Pending requirements review,Undetermined,Not reviewed,,,
188,Permission Change Tracking,open,https://github.com/gameguild-gg/gameguild/issues/188,mathrmartins,mathrmartins,authored and assigned,audit; back-end,,2025-10-03T10:09:48Z,2025-10-03T10:09:48Z,,Untriaged,Pending issue review,Pending code review,Undetermined,Undetermined,Pending requirements review,Undetermined,Not reviewed,,,
189,Permission Grant/Revoke History,open,https://github.com/gameguild-gg/gameguild/issues/189,mathrmartins,mathrmartins,authored and assigned,audit; back-end,,2025-10-03T10:09:51Z,2025-10-03T10:09:51Z,,Untriaged,Pending issue review,Pending code review,Undetermined,Undetermined,Pending requirements review,Undetermined,Not reviewed,,,
190,Privacy & Compliance Event Logging,open,https://github.com/gameguild-gg/gameguild/issues/190,mathrmartins,mathrmartins,authored and assigned,audit; back-end,,2025-10-03T10:09:53Z,2025-10-03T10:09:53Z,,Untriaged,Pending issue review,Pending code review,Undetermined,Undetermined,Pending requirements review,Undetermined,Not reviewed,,,
191,Real-Time Anomaly Detection on Privileged Operations,open,https://github.com/gameguild-gg/gameguild/issues/191,mathrmartins,mathrmartins,authored and assigned,audit; back-end,,2025-10-03T10:09:55Z,2025-10-03T10:11:31Z,,Untriaged,Pending issue review,Pending code review,Undetermined,Undetermined,Pending requirements review,Undetermined,Not reviewed,,,
192,Redaction & Tokenization Pipeline for PII in Structured Logs,open,https://github.com/gameguild-gg/gameguild/issues/192,mathrmartins,mathrmartins,authored and assigned,audit; back-end,,2025-10-03T10:09:58Z,2025-10-03T10:11:33Z,,Untriaged,Pending issue review,Pending code review,Undetermined,Undetermined,Pending requirements review,Undetermined,Not reviewed,,,
193,Retention Policy Management,open,https://github.com/gameguild-gg/gameguild/issues/193,mathrmartins,mathrmartins,authored and assigned,audit; back-end,,2025-10-03T10:10:01Z,2025-10-03T10:11:41Z,,Untriaged,Pending issue review,Pending code review,Undetermined,Undetermined,Pending requirements review,Undetermined,Not reviewed,,,
194,Automated Retention Policy Simulation & Storage Cost Forecasting,open,https://github.com/gameguild-gg/gameguild/issues/194,mathrmartins,mathrmartins,authored and assigned,audit; back-end,,2025-10-03T10:10:06Z,2025-10-03T10:11:41Z,,Untriaged,Pending issue review,Pending code review,Undetermined,Undetermined,Pending requirements review,Undetermined,Not reviewed,,,
195,[Enhancement]: risk assessment reporting,open,https://github.com/gameguild-gg/gameguild/issues/195,mathrmartins,mathrmartins,authored and assigned,audit; back-end,,2025-10-03T10:10:08Z,2025-10-03T10:11:49Z,,Untriaged,Pending issue review,Pending code review,Undetermined,Undetermined,Pending requirements review,Undetermined,Not reviewed,,,
196,Risk Categorization Heuristics Across Modules,open,https://github.com/gameguild-gg/gameguild/issues/196,mathrmartins,mathrmartins,authored and assigned,audit; back-end,,2025-10-03T10:10:11Z,2025-10-03T10:11:50Z,,Untriaged,Pending issue review,Pending code review,Undetermined,Undetermined,Pending requirements review,Undetermined,Not reviewed,,,
197,[Enhancement]: risk categorization high medium low,open,https://github.com/gameguild-gg/gameguild/issues/197,mathrmartins,mathrmartins,authored and assigned,audit; back-end,,2025-10-03T10:10:13Z,2025-10-03T10:11:53Z,,Untriaged,Pending issue review,Pending code review,Undetermined,Undetermined,Pending requirements review,Undetermined,Not reviewed,,,
198,Risk Categorization Reporting,open,https://github.com/gameguild-gg/gameguild/issues/198,mathrmartins,mathrmartins,authored and assigned,audit; back-end,,2025-10-03T10:10:16Z,2025-10-03T10:12:07Z,,Untriaged,Pending issue review,Pending code review,Undetermined,Undetermined,Pending requirements review,Undetermined,Not reviewed,,,
199,Scheduled Audit Export Jobs & Secure Delivery,open,https://github.com/gameguild-gg/gameguild/issues/199,mathrmartins,mathrmartins,authored and assigned,audit; back-end,,2025-10-03T10:10:19Z,2025-10-03T10:12:02Z,,Untriaged,Pending issue review,Pending code review,Undetermined,Undetermined,Pending requirements review,Undetermined,Not reviewed,,,
200,Security Events Tracking,open,https://github.com/gameguild-gg/gameguild/issues/200,mathrmartins,mathrmartins,authored and assigned,audit; back-end,,2025-10-03T10:10:21Z,2025-10-03T10:12:06Z,,Untriaged,Pending issue review,Pending code review,Undetermined,Undetermined,Pending requirements review,Undetermined,Not reviewed,,,
201,Audit Event Forwarding to SIEM Systems,open,https://github.com/gameguild-gg/gameguild/issues/201,mathrmartins,mathrmartins,authored and assigned,audit; back-end,,2025-10-03T10:10:24Z,2025-10-03T10:12:14Z,,Untriaged,Pending issue review,Pending code review,Undetermined,Undetermined,Pending requirements review,Undetermined,Not reviewed,,,
202,Structured Logging Integration,open,https://github.com/gameguild-gg/gameguild/issues/202,mathrmartins,mathrmartins,authored and assigned,audit; back-end,,2025-10-03T10:10:26Z,2025-10-03T10:12:18Z,,Untriaged,Pending issue review,Pending code review,Undetermined,Undetermined,Pending requirements review,Undetermined,Not reviewed,,,
203,[Enhancement]: system changes tracking,open,https://github.com/gameguild-gg/gameguild/issues/203,mathrmartins,mathrmartins,authored and assigned,audit; back-end,,2025-10-03T10:10:29Z,2025-10-03T10:12:19Z,,Untriaged,Pending issue review,Pending code review,Undetermined,Undetermined,Pending requirements review,Undetermined,Not reviewed,,,
204,Tamper-Evident Append-Only Audit Log Store,open,https://github.com/gameguild-gg/gameguild/issues/204,mathrmartins,mathrmartins,authored and assigned,audit; back-end,,2025-10-03T10:10:33Z,2025-10-03T10:12:30Z,,Untriaged,Pending issue review,Pending code review,Undetermined,Undetermined,Pending requirements review,Undetermined,Not reviewed,,,
205,Tenant Operations Tracking,open,https://github.com/gameguild-gg/gameguild/issues/205,mathrmartins,mathrmartins,authored and assigned,audit; back-end,,2025-10-03T10:10:36Z,2025-10-03T10:12:29Z,,Untriaged,Pending issue review,Pending code review,Undetermined,Undetermined,Pending requirements review,Undetermined,Not reviewed,,,
206,User Management CRUD Tracking,open,https://github.com/gameguild-gg/gameguild/issues/206,mathrmartins,mathrmartins,authored and assigned,audit; back-end,,2025-10-03T10:10:39Z,2025-10-03T10:12:37Z,,Untriaged,Pending issue review,Pending code review,Undetermined,Undetermined,Pending requirements review,Undetermined,Not reviewed,,,
207,User & Tenant Lifecycle Auditing,open,https://github.com/gameguild-gg/gameguild/issues/207,mathrmartins,mathrmartins,authored and assigned,audit; back-end,,2025-10-03T10:10:41Z,2025-10-03T10:12:43Z,,Untriaged,Pending issue review,Pending code review,Undetermined,Undetermined,Pending requirements review,Undetermined,Not reviewed,,,
208,[Enhancement]: Account Lockout Protection (Brute Force),closed,https://github.com/gameguild-gg/gameguild/issues/208,mathrmartins,mathrmartins,authored and assigned,authentication; back-end,,2025-10-03T10:10:44Z,2026-09-26T11:01:01Z,2026-09-26T11:01:01Z,Untriaged,Pending issue review,Pending code review,Undetermined,Undetermined,Pending requirements review,Undetermined,Not reviewed,,,
209,[Enhancement]: Account Recovery with Delegated Trusted Contacts / Passkey Fallback,open,https://github.com/gameguild-gg/gameguild/issues/209,mathrmartins,mathrmartins,authored and assigned,authentication; back-end,,2025-10-03T10:10:47Z,2025-10-03T10:17:28Z,,Untriaged,Pending issue review,Pending code review,Undetermined,Undetermined,Pending requirements review,Undetermined,Not reviewed,,,
210,[Enhancement]: Active Session Listing & Bulk Revocation,closed,https://github.com/gameguild-gg/gameguild/issues/210,mathrmartins,mathrmartins,authored and assigned,authentication; back-end,,2025-10-03T10:10:49Z,2026-09-26T11:05:14Z,2026-09-26T11:05:14Z,Untriaged,Pending issue review,Pending code review,Undetermined,Undetermined,Pending requirements review,Undetermined,Not reviewed,,,
211,"[Enhancement]: Adaptive Risk-Based Authentication (Geo-Velocity, IP Reputation, Device Anomaly)",open,https://github.com/gameguild-gg/gameguild/issues/211,mathrmartins,mathrmartins,authored and assigned,authentication; back-end,,2025-10-03T10:10:52Z,2025-10-03T10:17:33Z,,Untriaged,Pending issue review,Pending code review,Undetermined,Undetermined,Pending requirements review,Undetermined,Not reviewed,,,
212,[Enhancement]: Anomaly Detection & Behavioral Risk Scoring,open,https://github.com/gameguild-gg/gameguild/issues/212,mathrmartins,mathrmartins,authored and assigned,authentication; back-end,,2025-10-03T10:10:56Z,2025-10-03T10:17:35Z,,Untriaged,Pending issue review,Pending code review,Undetermined,Undetermined,Pending requirements review,Undetermined,Not reviewed,,,
213,[Enhancement]: Anonymous Authentication for Guest Access,open,https://github.com/gameguild-gg/gameguild/issues/213,mathrmartins,mathrmartins,authored and assigned,authentication; back-end,,2025-10-03T10:10:58Z,2025-10-03T10:17:38Z,,Untriaged,Pending issue review,Pending code review,Undetermined,Undetermined,Pending requirements review,Undetermined,Not reviewed,,,
214,[Enhancement]: API Key Authentication for Service Integration,open,https://github.com/gameguild-gg/gameguild/issues/214,mathrmartins,mathrmartins,authored and assigned,authentication; back-end,,2025-10-03T10:11:06Z,2025-10-03T10:17:40Z,,Untriaged,Pending issue review,Pending code review,Undetermined,Undetermined,Pending requirements review,Undetermined,Not reviewed,,,
215,"[Enhancement]: API Key Lifecycle Management (Rotation, Scoping, Audit)",open,https://github.com/gameguild-gg/gameguild/issues/215,mathrmartins,mathrmartins,authored and assigned,authentication; back-end,,2025-10-03T10:11:09Z,2025-10-03T10:17:43Z,,Untriaged,Pending issue review,Pending code review,Undetermined,Undetermined,Pending requirements review,Undetermined,Not reviewed,,,
216,[Enhancement]: AuditService Integration - Authentication Logging,open,https://github.com/gameguild-gg/gameguild/issues/216,mathrmartins,mathrmartins,authored and assigned,authentication; back-end,,2025-10-03T10:11:12Z,2025-10-03T10:17:46Z,,Untriaged,Pending issue review,Pending code review,Undetermined,Undetermined,Pending requirements review,Undetermined,Not reviewed,,,
217,[Enhancement]: AuthenticationAnomalyService - Risk Scoring & Anomaly Detection,open,https://github.com/gameguild-gg/gameguild/issues/217,mathrmartins,mathrmartins,authored and assigned,authentication; back-end,,2025-10-03T10:11:14Z,2025-10-03T10:17:48Z,,Untriaged,Pending issue review,Pending code review,Undetermined,Undetermined,Pending requirements review,Undetermined,Not reviewed,,,
218,[Enhancement]: AuthenticationConverter - DTO Transformations,open,https://github.com/gameguild-gg/gameguild/issues/218,mathrmartins,mathrmartins,authored and assigned,authentication; back-end,,2025-10-03T10:11:17Z,2025-10-03T10:17:51Z,,Untriaged,Pending issue review,Pending code review,Undetermined,Undetermined,Pending requirements review,Undetermined,Not reviewed,,,
219,[Enhancement]: AuthenticationService - Clean Architecture Orchestration Layer,open,https://github.com/gameguild-gg/gameguild/issues/219,mathrmartins,mathrmartins,authored and assigned,authentication; back-end,,2025-10-03T10:11:19Z,2025-10-03T10:17:54Z,,Untriaged,Pending issue review,Pending code review,Undetermined,Undetermined,Pending requirements review,Undetermined,Not reviewed,,,
220,[Enhancement]: Authentication Service Orchestration Layer,closed,https://github.com/gameguild-gg/gameguild/issues/220,mathrmartins,mathrmartins,authored and assigned,authentication; back-end,,2025-10-03T10:11:22Z,2026-09-25T16:48:59Z,2026-09-25T16:48:59Z,Untriaged,Pending issue review,Pending code review,Undetermined,Undetermined,Pending requirements review,Undetermined,Not reviewed,,,
221,[Enhancement]: Authentication State Management,open,https://github.com/gameguild-gg/gameguild/issues/221,mathrmartins,mathrmartins,authored and assigned,authentication; back-end,,2025-10-03T10:11:25Z,2025-10-03T10:17:59Z,,Untriaged,Pending issue review,Pending code review,Undetermined,Undetermined,Pending requirements review,Undetermined,Not reviewed,,,
222,[Enhancement]: Automatic Username Slugification,open,https://github.com/gameguild-gg/gameguild/issues/222,mathrmartins,mathrmartins,authored and assigned,authentication; back-end,,2025-10-03T10:11:27Z,2025-10-03T10:18:02Z,,Untriaged,Pending issue review,Pending code review,Undetermined,Undetermined,Pending requirements review,Undetermined,Not reviewed,,,
223,[Enhancement]: Backup Codes & Recovery Mechanisms,open,https://github.com/gameguild-gg/gameguild/issues/223,mathrmartins,mathrmartins,authored and assigned,authentication; back-end,,2025-10-03T10:11:30Z,2026-09-26T11:28:06Z,,Untriaged,Pending issue review,Pending code review,Undetermined,Undetermined,Pending requirements review,Undetermined,Not reviewed,,,
224,[Enhancement]: Blockchain Anchoring for Certificates (Auth-Adjacent Trust Evidence),open,https://github.com/gameguild-gg/gameguild/issues/224,mathrmartins,mathrmartins,authored and assigned,authentication; back-end,,2025-10-03T10:11:34Z,2026-09-26T11:32:34Z,,Untriaged,Pending issue review,Pending code review,Undetermined,Undetermined,Pending requirements review,Undetermined,Not reviewed,,,
225,"[Enhancement]: Credential Lifecycle Management (Create, Update, Activate, Deactivate, Delete, Restore)",open,https://github.com/gameguild-gg/gameguild/issues/225,mathrmartins,mathrmartins,authored and assigned,authentication; back-end,,2025-10-03T10:11:36Z,2026-09-26T11:43:17Z,,Untriaged,Pending issue review,Pending code review,Undetermined,Undetermined,Pending requirements review,Undetermined,Not reviewed,,,
226,[Enhancement]: Credential Storage Encryption,open,https://github.com/gameguild-gg/gameguild/issues/226,mathrmartins,mathrmartins,authored and assigned,authentication; back-end,,2025-10-03T10:11:39Z,2026-09-26T11:40:23Z,,Untriaged,Pending issue review,Pending code review,Undetermined,Undetermined,Pending requirements review,Undetermined,Not reviewed,,,
227,[Enhancement]: Credential Stuffing Detection Integration (Threat Intel Feeds),open,https://github.com/gameguild-gg/gameguild/issues/227,mathrmartins,mathrmartins,authored and assigned,authentication; back-end,,2025-10-03T10:11:41Z,2026-09-26T11:44:17Z,,Untriaged,Pending issue review,Pending code review,Undetermined,Undetermined,Pending requirements review,Undetermined,Not reviewed,,,
228,[Enhancement]: Credential Verification Commands & Restore Operations,open,https://github.com/gameguild-gg/gameguild/issues/228,mathrmartins,mathrmartins,authored and assigned,authentication; back-end,,2025-10-03T10:11:44Z,2026-09-26T11:43:18Z,,Untriaged,Pending issue review,Pending code review,Undetermined,Undetermined,Pending requirements review,Undetermined,Not reviewed,,,
229,[Enhancement]: Device Information Capture & Fingerprinting,open,https://github.com/gameguild-gg/gameguild/issues/229,mathrmartins,mathrmartins,authored and assigned,authentication; back-end,,2025-10-03T10:11:47Z,2025-10-03T10:18:20Z,,Untriaged,Pending issue review,Pending code review,Undetermined,Undetermined,Pending requirements review,Undetermined,Not reviewed,,,
230,[Enhancement]: DTO Converters & Polymorphic Credential Deserialization,closed,https://github.com/gameguild-gg/gameguild/issues/230,mathrmartins,mathrmartins,authored and assigned,authentication; back-end,,2025-10-03T10:11:49Z,2026-09-26T11:59:52Z,2026-09-26T11:59:52Z,Untriaged,Pending issue review,Pending code review,Undetermined,Undetermined,Pending requirements review,Undetermined,Not reviewed,,,
231,[Enhancement]: EmailService Integration - Verification & Notifications,open,https://github.com/gameguild-gg/gameguild/issues/231,mathrmartins,mathrmartins,authored and assigned,authentication; back-end,,2025-10-03T10:11:52Z,2026-09-26T12:09:15Z,,Untriaged,Pending issue review,Pending code review,Undetermined,Undetermined,Pending requirements review,Undetermined,Not reviewed,,,
232,[Enhancement]: Email Verification for Signup,closed,https://github.com/gameguild-gg/gameguild/issues/232,mathrmartins,mathrmartins,authored and assigned,authentication; back-end,,2025-10-03T10:11:54Z,2026-09-26T11:56:20Z,2026-09-26T11:56:20Z,Untriaged,Pending issue review,Pending code review,Undetermined,Undetermined,Pending requirements review,Undetermined,Not reviewed,,,
233,[Enhancement]: EnhancedAuthService - Full Authentication Orchestration,open,https://github.com/gameguild-gg/gameguild/issues/233,mathrmartins,mathrmartins,authored and assigned,authentication; back-end,,2025-10-03T10:11:56Z,2026-09-26T12:11:42Z,,Untriaged,Pending issue review,Pending code review,Undetermined,Undetermined,Pending requirements review,Undetermined,Not reviewed,,,
234,"[Enhancement]: FIDO2 / WebAuthn (Passkeys, Hardware Keys) Authentication",open,https://github.com/gameguild-gg/gameguild/issues/234,mathrmartins,mathrmartins,authored and assigned,authentication; back-end,,2025-10-03T10:12:01Z,2026-09-26T12:06:13Z,,Untriaged,Pending issue review,Pending code review,Undetermined,Undetermined,Pending requirements review,Undetermined,Not reviewed,,,
235,[Enhancement]: Generic/Extensible OAuth Provider Framework,open,https://github.com/gameguild-gg/gameguild/issues/235,mathrmartins,mathrmartins,authored and assigned,authentication; back-end,,2025-10-03T10:12:04Z,2026-09-26T12:11:43Z,,Untriaged,Pending issue review,Pending code review,Undetermined,Undetermined,Pending requirements review,Undetermined,Not reviewed,,,
236,[Enhancement]: Identity Verification (KYC) Workflows,open,https://github.com/gameguild-gg/gameguild/issues/236,mathrmartins,mathrmartins,authored and assigned,authentication; back-end,,2025-10-03T10:12:07Z,2026-09-26T12:11:44Z,,Untriaged,Pending issue review,Pending code review,Undetermined,Undetermined,Pending requirements review,Undetermined,Not reviewed,,,
237,[Enhancement]: JWT Generation & Validation,closed,https://github.com/gameguild-gg/gameguild/issues/237,mathrmartins,mathrmartins,authored and assigned,authentication; back-end,,2025-10-03T10:12:09Z,2026-09-26T12:16:10Z,2026-09-26T12:16:10Z,Untriaged,Pending issue review,Pending code review,Undetermined,Undetermined,Pending requirements review,Undetermined,Not reviewed,,,
238,[Enhancement]: JWT Generation & Validation,closed,https://github.com/gameguild-gg/gameguild/issues/238,mathrmartins,mathrmartins,authored and assigned,authentication; back-end,,2025-10-03T10:12:12Z,2026-09-26T12:16:07Z,2026-09-25T16:49:00Z,Untriaged,Pending issue review,Pending code review,Undetermined,Undetermined,Pending requirements review,Undetermined,Not reviewed,,,
239,[Enhancement]: KYC Verification Status Tracking,closed,https://github.com/gameguild-gg/gameguild/issues/239,mathrmartins,mathrmartins,authored and assigned,authentication; back-end,,2025-10-03T10:12:15Z,2026-09-26T12:16:12Z,2026-09-26T12:16:12Z,Untriaged,Pending issue review,Pending code review,Undetermined,Undetermined,Pending requirements review,Undetermined,Not reviewed,,,
240,[Enhancement]: Local Sign-in with Email/Password,closed,https://github.com/gameguild-gg/gameguild/issues/240,mathrmartins,mathrmartins,authored and assigned,authentication; back-end,,2025-10-03T10:12:17Z,2026-09-26T12:16:15Z,2026-09-26T12:16:15Z,Untriaged,Pending issue review,Pending code review,Undetermined,Undetermined,Pending requirements review,Undetermined,Not reviewed,,,
241,[Enhancement]: Local Sign-up with Email/Password,closed,https://github.com/gameguild-gg/gameguild/issues/241,mathrmartins,mathrmartins,authored and assigned,authentication; back-end,,2025-10-03T10:12:20Z,2026-09-26T12:21:45Z,2026-09-26T12:21:45Z,Untriaged,Pending issue review,Pending code review,Undetermined,Undetermined,Pending requirements review,Undetermined,Not reviewed,,,
242,[Enhancement]: Login Attempt Forensics & Geolocation,open,https://github.com/gameguild-gg/gameguild/issues/242,mathrmartins,mathrmartins,authored and assigned,authentication; back-end,,2025-10-03T10:12:23Z,2026-09-26T12:23:18Z,,Untriaged,Pending issue review,Pending code review,Undetermined,Undetermined,Pending requirements review,Undetermined,Not reviewed,,,
243,[Enhancement]: MfaService - TOTP & Backup Codes Management,closed,https://github.com/gameguild-gg/gameguild/issues/243,mathrmartins,mathrmartins,authored and assigned,authentication; back-end,,2025-10-03T10:12:25Z,2026-09-26T11:27:38Z,2026-09-26T11:27:38Z,Untriaged,Pending issue review,Pending code review,Undetermined,Undetermined,Pending requirements review,Undetermined,Not reviewed,,,
244,[Enhancement]: Multi-Factor Authentication (MFA) System,open,https://github.com/gameguild-gg/gameguild/issues/244,mathrmartins,mathrmartins,authored and assigned,authentication; back-end,,2025-10-03T10:12:30Z,2026-09-26T12:23:20Z,,Untriaged,Pending issue review,Pending code review,Undetermined,Undetermined,Pending requirements review,Undetermined,Not reviewed,,,
245,"[Enhancement]: Multiple Credential Types Support (OAuth, API Keys, Certificates, etc.)",open,https://github.com/gameguild-gg/gameguild/issues/245,mathrmartins,mathrmartins,authored and assigned,authentication; back-end,,2025-10-03T10:12:33Z,2026-09-26T12:29:45Z,,Untriaged,Pending issue review,Pending code review,Undetermined,Undetermined,Pending requirements review,Undetermined,Not reviewed,,,
246,[Enhancement]: Multi-Provider OAuth Authentication System,open,https://github.com/gameguild-gg/gameguild/issues/246,mathrmartins,mathrmartins,authored and assigned,authentication; back-end,,2025-10-03T10:12:35Z,2026-09-26T12:29:46Z,,Untriaged,Pending issue review,Pending code review,Undetermined,Undetermined,Pending requirements review,Undetermined,Not reviewed,,,
247,[Enhancement]: NotificationService Integration - Security Events,open,https://github.com/gameguild-gg/gameguild/issues/247,mathrmartins,mathrmartins,authored and assigned,authentication; back-end,,2025-10-03T10:12:38Z,2026-09-26T12:29:47Z,,Untriaged,Pending issue review,Pending code review,Undetermined,Undetermined,Pending requirements review,Undetermined,Not reviewed,,,
248,[Enhancement]: OAuth GitHub Provider Integration,closed,https://github.com/gameguild-gg/gameguild/issues/248,mathrmartins,mathrmartins,authored and assigned,authentication; back-end,,2025-10-03T10:12:41Z,2026-09-26T12:28:25Z,2026-09-26T12:28:25Z,Untriaged,Pending issue review,Pending code review,Undetermined,Undetermined,Pending requirements review,Undetermined,Not reviewed,,,
249,[Enhancement]: OAuth Google Provider Integration,closed,https://github.com/gameguild-gg/gameguild/issues/249,mathrmartins,mathrmartins,authored and assigned,authentication; back-end,,2025-10-03T10:12:44Z,2026-09-26T12:28:27Z,2026-09-26T12:28:27Z,Untriaged,Pending issue review,Pending code review,Undetermined,Undetermined,Pending requirements review,Undetermined,Not reviewed,,,
250,[Enhancement]: Fine-Grained OAuth Scope & Consent Screen Management,open,https://github.com/gameguild-gg/gameguild/issues/250,mathrmartins,mathrmartins,authored and assigned,authentication; back-end,,2025-10-03T10:12:46Z,2026-09-26T12:29:48Z,,Untriaged,Pending issue review,Pending code review,Undetermined,Undetermined,Pending requirements review,Undetermined,Not reviewed,,,
251,[Enhancement]: Password History (Prevent Reuse),open,https://github.com/gameguild-gg/gameguild/issues/251,mathrmartins,mathrmartins,authored and assigned,authentication; back-end,,2025-10-03T10:12:48Z,2026-09-26T12:44:22Z,,Authentication and identity,Pending issue review,Implementation PR #579; summary and claimed tests in PR; independent source/acceptance review pending.,Undetermined,Undetermined,Pending requirements review,In progress; keep issue open until acceptance and required gates are verified.,PR mapped; implementation not independently audited.,https://github.com/gameguild-gg/gameguild/pull/579,378cb0729,Repository policy: passed; API verify: passed; OpenAPI: passed; Web verify: failed; required gate: failed
252,[Enhancement]: Passwordless Magic-Link & One-Time Email Code Flows,open,https://github.com/gameguild-gg/gameguild/issues/252,mathrmartins,mathrmartins,authored and assigned,authentication; back-end,,2025-10-03T10:12:52Z,2026-09-26T12:34:58Z,,Untriaged,Pending issue review,Pending code review,Undetermined,Undetermined,Pending requirements review,Undetermined,Not reviewed,,,
253,[Enhancement]: Password Reset via Email,closed,https://github.com/gameguild-gg/gameguild/issues/253,mathrmartins,mathrmartins,authored and assigned,authentication; back-end,,2025-10-03T10:12:54Z,2026-09-26T12:34:00Z,2026-09-26T12:34:00Z,Untriaged,Pending issue review,Pending code review,Undetermined,Undetermined,Pending requirements review,Undetermined,Not reviewed,,,
254,[Enhancement]: PasswordService - Password Hashing & Verification,closed,https://github.com/gameguild-gg/gameguild/issues/254,mathrmartins,mathrmartins,authored and assigned,authentication; back-end,,2025-10-03T10:12:59Z,2026-09-26T12:34:03Z,2026-09-26T12:34:03Z,Untriaged,Pending issue review,Pending code review,Undetermined,Undetermined,Pending requirements review,Undetermined,Not reviewed,,,
255,[Enhancement]: Password Strength & Complexity Rules,closed,https://github.com/gameguild-gg/gameguild/issues/255,mathrmartins,mathrmartins,authored and assigned,authentication; back-end,,2025-10-03T10:13:01Z,2026-09-26T12:34:06Z,2026-09-26T12:34:06Z,Untriaged,Pending issue review,Pending code review,Undetermined,Undetermined,Pending requirements review,Undetermined,Not reviewed,,,
256,[Enhancement]: Permission Change Tracking & Audit,closed,https://github.com/gameguild-gg/gameguild/issues/256,mathrmartins,mathrmartins,authored and assigned,authentication; back-end,,2025-10-03T10:13:04Z,2026-09-26T12:34:08Z,2026-09-26T12:34:08Z,Untriaged,Pending issue review,Pending code review,Undetermined,Undetermined,Pending requirements review,Undetermined,Not reviewed,,,
257,[Enhancement]: Phone Number Authentication,open,https://github.com/gameguild-gg/gameguild/issues/257,mathrmartins,mathrmartins,authored and assigned,authentication; back-end,,2025-10-03T10:13:06Z,2026-09-26T13:00:05Z,,Untriaged,Pending issue review,Pending code review,Undetermined,Undetermined,Pending requirements review,Undetermined,Not reviewed,,,
258,[Enhancement]: Polymorphic Credential Sign-in (Email/Phone/Username),open,https://github.com/gameguild-gg/gameguild/issues/258,mathrmartins,mathrmartins,authored and assigned,authentication; back-end,,2025-10-03T10:13:09Z,2026-09-26T13:00:05Z,,Untriaged,Pending issue review,Pending code review,Undetermined,Undetermined,Pending requirements review,Undetermined,Not reviewed,,,
259,[Enhancement]: Push-Based MFA (Mobile App Approvals),open,https://github.com/gameguild-gg/gameguild/issues/259,mathrmartins,mathrmartins,authored and assigned,authentication; back-end,,2025-10-03T10:13:12Z,2026-09-26T13:00:05Z,,Untriaged,Pending issue review,Pending code review,Undetermined,Undetermined,Pending requirements review,Undetermined,Not reviewed,,,
260,[Enhancement]: Rate Limit Bucket Isolation per Credential Type (API Key vs User),open,https://github.com/gameguild-gg/gameguild/issues/260,mathrmartins,mathrmartins,authored and assigned,authentication; back-end,,2025-10-03T10:13:14Z,2026-09-28T09:21:29Z,,API foundation and rate limiting,"The issue body is empty; inferred from the title: rate-limit buckets must remain isolated by credential type so an API key does not share an authenticated user's bucket. PR #582 claims distinct user, IP, and API-key partitioning and keeps the API-key ID in the bucket key; implementation review against edge cases is pending.",Implementation PR #582; summary and claimed tests in PR; independent source/acceptance review pending.,Undetermined,"Shared API rate-limit policy, trusted-proxy configuration, and Redis distributed limiter.","Audit PR #582 tests for API-key/user bucket separation, trusted-proxy/IP behavior, login-specific limits, distributed consistency, and failure modes; then rerun the required gate.",In progress; keep issue open until acceptance and required gates are verified.,PR mapped; implementation not independently audited.,https://github.com/gameguild-gg/gameguild/pull/582,6f4e6ebe8,Repository policy: passed; API verify: passed; OpenAPI: passed; Web verify: failed; required gate: failed
261,[Enhancement]: Rate Limiting by IP/User for Login Attempts,open,https://github.com/gameguild-gg/gameguild/issues/261,mathrmartins,mathrmartins,authored and assigned,authentication; back-end,,2025-10-03T10:13:17Z,2026-09-28T09:21:29Z,,API foundation and rate limiting,"The issue body is empty; inferred from the title: login attempts must be rate-limited by client IP and user identity. PR #582 claims trusted-proxy processing, user/IP/API-key bucket separation, and distributed Redis policies; implementation review against login-specific thresholds and proxy spoofing is pending.",Implementation PR #582; summary and claimed tests in PR; independent source/acceptance review pending.,Undetermined,"Shared API rate-limit policy, trusted-proxy configuration, and Redis distributed limiter.","Audit PR #582 tests for API-key/user bucket separation, trusted-proxy/IP behavior, login-specific limits, distributed consistency, and failure modes; then rerun the required gate.",In progress; keep issue open until acceptance and required gates are verified.,PR mapped; implementation not independently audited.,https://github.com/gameguild-gg/gameguild/pull/582,6f4e6ebe8,Repository policy: passed; API verify: passed; OpenAPI: passed; Web verify: failed; required gate: failed
262,[Enhancement]: Refresh Token Reuse Detection & Automatic Global Session Invalidation,open,https://github.com/gameguild-gg/gameguild/issues/262,mathrmartins,mathrmartins,authored and assigned,authentication; back-end,,2025-10-03T10:13:20Z,2026-09-26T13:00:05Z,,Authentication and identity,Pending issue review,Implementation PR #586; summary and claimed tests in PR; independent source/acceptance review pending.,Undetermined,Undetermined,Pending requirements review,In progress; keep issue open until acceptance and required gates are verified.,PR mapped; implementation not independently audited.,https://github.com/gameguild-gg/gameguild/pull/586,133e1cc0b,Repository policy: passed; API verify: passed; OpenAPI: passed; Web verify: failed; required gate: failed
263,[Enhancement]: JWT Refresh Token Rotation & Revocation,open,https://github.com/gameguild-gg/gameguild/issues/263,mathrmartins,mathrmartins,authored and assigned,authentication; back-end,,2025-10-03T10:13:24Z,2026-09-26T13:12:25Z,,Untriaged,Pending issue review,Pending code review,Undetermined,Undetermined,Pending requirements review,Undetermined,Not reviewed,,,
264,[Enhancement]: Refresh Token Rotation with Revocation Detection,closed,https://github.com/gameguild-gg/gameguild/issues/264,mathrmartins,mathrmartins,authored and assigned,authentication; back-end,,2025-10-03T10:13:29Z,2026-09-26T13:02:49Z,2026-09-25T16:48:59Z,Untriaged,Pending issue review,Pending code review,Undetermined,Undetermined,Pending requirements review,Undetermined,Not reviewed,,,
265,[Enhancement]: Remember Me & Persistent Sessions,open,https://github.com/gameguild-gg/gameguild/issues/265,mathrmartins,mathrmartins,authored and assigned,authentication; back-end,,2025-10-03T10:13:31Z,2026-09-26T13:12:25Z,,Untriaged,Pending issue review,Pending code review,Undetermined,Undetermined,Pending requirements review,Undetermined,Not reviewed,,,
266,[Enhancement]: Repository Pattern - Credential Persistence,open,https://github.com/gameguild-gg/gameguild/issues/266,mathrmartins,mathrmartins,authored and assigned,authentication; back-end,,2025-10-03T10:13:34Z,2026-09-26T13:15:15Z,,Untriaged,Pending issue review,Pending code review,Undetermined,Undetermined,Pending requirements review,Undetermined,Not reviewed,,,
267,[Enhancement]: Risk & Compliance Verification Hooks,open,https://github.com/gameguild-gg/gameguild/issues/267,mathrmartins,mathrmartins,authored and assigned,authentication; back-end,,2025-10-03T10:13:36Z,2026-09-26T13:12:25Z,,Untriaged,Pending issue review,Pending code review,Undetermined,Undetermined,Pending requirements review,Undetermined,Not reviewed,,,
268,[Enhancement]: SAML 2.0 / OIDC Compliant Federated SSO (Enterprise Identity Providers),open,https://github.com/gameguild-gg/gameguild/issues/268,mathrmartins,mathrmartins,authored and assigned,authentication; back-end,,2025-10-03T10:13:39Z,2026-09-26T13:12:25Z,,Untriaged,Pending issue review,Pending code review,Undetermined,Undetermined,Pending requirements review,Undetermined,Not reviewed,,,
269,[Enhancement]: SCIM 2.0 User & Group Provisioning Endpoints,open,https://github.com/gameguild-gg/gameguild/issues/269,mathrmartins,mathrmartins,authored and assigned,authentication; back-end,,2025-10-03T10:13:42Z,2026-09-26T13:12:25Z,,Untriaged,Pending issue review,Pending code review,Undetermined,Undetermined,Pending requirements review,Undetermined,Not reviewed,,,
270,[Enhancement]: Security Event Notifications Integration,closed,https://github.com/gameguild-gg/gameguild/issues/270,mathrmartins,mathrmartins,authored and assigned,authentication; back-end,,2025-10-03T10:13:44Z,2026-09-26T13:02:50Z,2026-09-26T13:02:50Z,Untriaged,Pending issue review,Pending code review,Undetermined,Undetermined,Pending requirements review,Undetermined,Not reviewed,,,
271,💎 Feature Request,closed,https://github.com/gameguild-gg/gameguild/issues/271,mathrmartins,mathrmartins,authored and assigned,authentication; back-end,,2025-10-03T10:13:47Z,2026-09-25T16:46:17Z,2026-09-25T16:46:17Z,Untriaged,Pending issue review,Pending code review,Undetermined,Undetermined,Pending requirements review,Undetermined,Not reviewed,,,
272,API Versioning Options Configuration,closed,https://github.com/gameguild-gg/gameguild/issues/272,mathrmartins,mathrmartins,authored and assigned,api-features; back-end,,2025-10-03T10:21:38Z,2026-09-26T13:19:38Z,2026-09-25T15:38:41Z,Untriaged,Pending issue review,Pending code review,Undetermined,Undetermined,Pending requirements review,Undetermined,Not reviewed,,,
273,Authentication Options Configuration,closed,https://github.com/gameguild-gg/gameguild/issues/273,mathrmartins,mathrmartins,authored and assigned,api-features; back-end,,2025-10-03T10:21:41Z,2026-09-26T13:19:40Z,2026-09-25T15:38:47Z,Untriaged,Pending issue review,Pending code review,Undetermined,Undetermined,Pending requirements review,Undetermined,Not reviewed,,,
274,Authorization Options Configuration,closed,https://github.com/gameguild-gg/gameguild/issues/274,mathrmartins,mathrmartins,authored and assigned,api-features; back-end,,2025-10-03T10:21:43Z,2026-09-26T13:19:41Z,2026-09-25T15:38:53Z,Untriaged,Pending issue review,Pending code review,Undetermined,Undetermined,Pending requirements review,Undetermined,Not reviewed,,,
275,OpenAPI Options Configuration,closed,https://github.com/gameguild-gg/gameguild/issues/275,mathrmartins,mathrmartins,authored and assigned,api-features; back-end,,2025-10-03T10:21:45Z,2026-09-26T13:19:43Z,2026-09-25T15:38:58Z,Untriaged,Pending issue review,Pending code review,Undetermined,Undetermined,Pending requirements review,Undetermined,Not reviewed,,,
276,"[Enhancement]: Security Headers Hardening Auto-Configuration (CSP, HSTS, etc.)",closed,https://github.com/gameguild-gg/gameguild/issues/276,mathrmartins,mathrmartins,authored and assigned,authentication; back-end,,2025-10-03T10:22:39Z,2026-09-26T13:27:31Z,2026-09-26T13:27:31Z,Untriaged,Pending issue review,Pending code review,Undetermined,Undetermined,Pending requirements review,Undetermined,Not reviewed,,,
277,[Enhancement]: Security Logging & Audit Trails,open,https://github.com/gameguild-gg/gameguild/issues/277,mathrmartins,mathrmartins,authored and assigned,authentication; back-end,,2025-10-03T10:22:42Z,2026-09-26T13:29:33Z,,Untriaged,Pending issue review,Pending code review,Undetermined,Undetermined,Pending requirements review,Undetermined,Not reviewed,,,
278,[Enhancement]: Advanced Session Management & Security,open,https://github.com/gameguild-gg/gameguild/issues/278,mathrmartins,mathrmartins,authored and assigned,authentication; back-end,,2025-10-03T10:22:44Z,2026-09-26T13:29:32Z,,Untriaged,Pending issue review,Pending code review,Undetermined,Undetermined,Pending requirements review,Undetermined,Not reviewed,,,
279,"[Enhancement]: Session Revocation on Risk Events (Device Compromise, Anomaly Triggers)",open,https://github.com/gameguild-gg/gameguild/issues/279,mathrmartins,mathrmartins,authored and assigned,authentication; back-end,,2025-10-03T10:22:49Z,2026-09-26T13:27:59Z,,Untriaged,Pending issue review,Pending code review,Undetermined,Undetermined,Pending requirements review,Undetermined,Not reviewed,,,
280,"[Enhancement]: Session Tracking (Devices, IP, User Agent, Fingerprint)",closed,https://github.com/gameguild-gg/gameguild/issues/280,mathrmartins,mathrmartins,authored and assigned,authentication; back-end,,2025-10-03T10:22:52Z,2026-09-26T13:27:42Z,2026-09-26T13:27:40Z,Untriaged,Pending issue review,Pending code review,Undetermined,Undetermined,Pending requirements review,Undetermined,Not reviewed,,,
281,[Enhancement]: SessionTrackingService - Comprehensive Session Management,closed,https://github.com/gameguild-gg/gameguild/issues/281,mathrmartins,mathrmartins,authored and assigned,authentication; back-end,,2025-10-03T10:22:54Z,2026-09-26T13:27:45Z,2026-09-26T13:27:43Z,Untriaged,Pending issue review,Pending code review,Undetermined,Undetermined,Pending requirements review,Undetermined,Not reviewed,,,
282,[Enhancement]: Social Sign-in Multi-Provider Endpoint Scaffold,closed,https://github.com/gameguild-gg/gameguild/issues/282,mathrmartins,mathrmartins,authored and assigned,authentication; back-end,,2025-10-03T10:22:57Z,2026-09-26T13:27:48Z,2026-09-26T13:27:46Z,Untriaged,Pending issue review,Pending code review,Undetermined,Undetermined,Pending requirements review,Undetermined,Not reviewed,,,
283,[Enhancement]: Token Revocation Command (Session Invalidation),open,https://github.com/gameguild-gg/gameguild/issues/283,mathrmartins,mathrmartins,authored and assigned,authentication; back-end,,2025-10-03T10:22:59Z,2025-10-03T10:22:59Z,,Untriaged,Pending issue review,Pending code review,Undetermined,Undetermined,Pending requirements review,Undetermined,Not reviewed,,,
284,[Enhancement]: TokenService - JWT & Refresh Token Operations,closed,https://github.com/gameguild-gg/gameguild/issues/284,mathrmartins,mathrmartins,authored and assigned,authentication; back-end,,2025-10-03T10:23:02Z,2026-09-26T13:27:34Z,2026-09-26T13:27:34Z,Untriaged,Pending issue review,Pending code review,Undetermined,Undetermined,Pending requirements review,Undetermined,Not reviewed,,,
285,[Enhancement]: TOTP MFA (QR Provisioning),closed,https://github.com/gameguild-gg/gameguild/issues/285,mathrmartins,mathrmartins,authored and assigned,authentication; back-end,,2025-10-03T10:23:04Z,2026-09-26T13:27:36Z,2026-09-26T13:27:36Z,Untriaged,Pending issue review,Pending code review,Undetermined,Undetermined,Pending requirements review,Undetermined,Not reviewed,,,
286,[Enhancement]: Trusted Device Management,closed,https://github.com/gameguild-gg/gameguild/issues/286,mathrmartins,mathrmartins,authored and assigned,authentication; back-end,,2025-10-03T10:23:06Z,2026-09-26T13:27:51Z,2026-09-26T13:27:49Z,Untriaged,Pending issue review,Pending code review,Undetermined,Undetermined,Pending requirements review,Undetermined,Not reviewed,,,
287,[Enhancement]: User Enumeration Protection,closed,https://github.com/gameguild-gg/gameguild/issues/287,mathrmartins,mathrmartins,authored and assigned,authentication; back-end,,2025-10-03T10:23:09Z,2026-09-26T13:27:39Z,2026-09-26T13:27:39Z,Untriaged,Pending issue review,Pending code review,Undetermined,Undetermined,Pending requirements review,Undetermined,Not reviewed,,,
288,[Enhancement]: UserEnumerationProtectionService - Timing Attack Prevention,closed,https://github.com/gameguild-gg/gameguild/issues/288,mathrmartins,mathrmartins,authored and assigned,authentication; back-end,,2025-10-03T10:23:11Z,2026-09-26T13:27:55Z,2026-09-25T16:49:00Z,Untriaged,Pending issue review,Pending code review,Undetermined,Undetermined,Pending requirements review,Undetermined,Not reviewed,,,
289,[Enhancement]: Username-Based Authentication,closed,https://github.com/gameguild-gg/gameguild/issues/289,mathrmartins,mathrmartins,authored and assigned,authentication; back-end,,2025-10-03T10:23:16Z,2026-09-26T13:27:54Z,2026-09-26T13:27:52Z,Untriaged,Pending issue review,Pending code review,Undetermined,Undetermined,Pending requirements review,Undetermined,Not reviewed,,,
290,[Enhancement]: User Privacy / Consent & Tracking Preference Flags (Integrated with Auth),open,https://github.com/gameguild-gg/gameguild/issues/290,mathrmartins,mathrmartins,authored and assigned,authentication; back-end,,2025-10-03T10:23:18Z,2026-09-26T13:28:00Z,,Untriaged,Pending issue review,Pending code review,Undetermined,Undetermined,Pending requirements review,Undetermined,Not reviewed,,,
291,[Enhancement]: Web3 Wallet Authentication System,open,https://github.com/gameguild-gg/gameguild/issues/291,mathrmartins,mathrmartins,authored and assigned,authentication; back-end; front-end; web3,,2025-10-03T10:23:22Z,2026-09-26T10:21:37Z,,Untriaged,Pending issue review,Pending code review,Undetermined,Undetermined,Pending requirements review,Undetermined,Not reviewed,,,
292,[Enhancement]: Web3 Wallet Authentication (Challenge + Signature Verification),closed,https://github.com/gameguild-gg/gameguild/issues/292,mathrmartins,mathrmartins,authored and assigned,authentication; back-end,,2025-10-03T10:23:26Z,2026-09-26T13:27:56Z,2026-09-25T16:25:59Z,Untriaged,Pending issue review,Pending code review,Undetermined,Undetermined,Pending requirements review,Undetermined,Not reviewed,,,
293,[Enhancement]: Attribute-Based Access Control (ABAC) Policy Engine with Attribute Expressions,closed,https://github.com/gameguild-gg/gameguild/issues/293,mathrmartins,mathrmartins,authored and assigned,authorization; back-end,,2025-10-03T10:23:28Z,2026-09-26T13:34:21Z,2026-09-26T13:34:21Z,Untriaged,Pending issue review,Pending code review,Undetermined,Undetermined,Pending requirements review,Undetermined,Not reviewed,,,
294,[Enhancement]: administrative permissions managemembers manageroles managesettings audit,open,https://github.com/gameguild-gg/gameguild/issues/294,mathrmartins,mathrmartins,authored and assigned,authorization; back-end,,2025-10-03T10:23:31Z,2025-10-03T10:23:31Z,,Untriaged,Pending issue review,Pending code review,Undetermined,Undetermined,Pending requirements review,Undetermined,Not reviewed,,,
295,"[Enhancement]: Administrative Permissions (ManageMembers, ManageRoles, ManageSettings, Audit)",closed,https://github.com/gameguild-gg/gameguild/issues/295,mathrmartins,mathrmartins,authored and assigned,authorization; back-end,,2025-10-03T10:23:34Z,2026-09-25T16:48:59Z,2026-09-25T16:48:59Z,Untriaged,Pending issue review,Pending code review,Undetermined,Undetermined,Pending requirements review,Undetermined,Not reviewed,,,
296,[Enhancement]: Attribute-Based Permission Enforcement Across Layers,open,https://github.com/gameguild-gg/gameguild/issues/296,mathrmartins,mathrmartins,authored and assigned,authorization; back-end,,2025-10-03T10:23:36Z,2025-10-03T10:23:36Z,,Untriaged,Pending issue review,Pending code review,Undetermined,Undetermined,Pending requirements review,Undetermined,Not reviewed,,,
297,💎 Feature Request: Comprehensive Audit & Security Monitoring System,open,https://github.com/gameguild-gg/gameguild/issues/297,mathrmartins,mathrmartins,authored and assigned,authorization; back-end,,2025-10-03T10:23:38Z,2025-10-03T10:23:38Z,,Untriaged,Pending issue review,Pending code review,Undetermined,Undetermined,Pending requirements review,Undetermined,Not reviewed,,,
298,[Enhancement]: Authorization API Endpoints System,open,https://github.com/gameguild-gg/gameguild/issues/298,mathrmartins,mathrmartins,authored and assigned,authorization; back-end,,2025-10-03T10:23:41Z,2025-10-03T10:23:41Z,,Untriaged,Pending issue review,Pending code review,Undetermined,Undetermined,Pending requirements review,Undetermined,Not reviewed,,,
299,[Enhancement]: Authorization Architecture & Security Model System,open,https://github.com/gameguild-gg/gameguild/issues/299,mathrmartins,mathrmartins,authored and assigned,authorization; back-end,,2025-10-03T10:23:45Z,2025-10-03T10:23:45Z,,Untriaged,Pending issue review,Pending code review,Undetermined,Undetermined,Pending requirements review,Undetermined,Not reviewed,,,
300,[Enhancement]: Authorization Attributes & Declarative Security System,open,https://github.com/gameguild-gg/gameguild/issues/300,mathrmartins,mathrmartins,authored and assigned,authorization; back-end,,2025-10-03T10:23:48Z,2026-09-26T13:38:23Z,,Untriaged,Pending issue review,Pending code review,Undetermined,Undetermined,Pending requirements review,Undetermined,Not reviewed,,,
301,Authorization Audit & Security System,open,https://github.com/gameguild-gg/gameguild/issues/301,mathrmartins,mathrmartins,authored and assigned,authorization; back-end,,2025-10-03T10:23:51Z,2025-10-03T10:23:51Z,,Untriaged,Pending issue review,Pending code review,Undetermined,Undetermined,Pending requirements review,Undetermined,Not reviewed,,,
302,[Enhancement]: Authorization Commands Management System,open,https://github.com/gameguild-gg/gameguild/issues/302,mathrmartins,mathrmartins,authored and assigned,authorization; back-end,,2025-10-03T10:23:54Z,2025-10-03T10:23:54Z,,Untriaged,Pending issue review,Pending code review,Undetermined,Undetermined,Pending requirements review,Undetermined,Not reviewed,,,
303,💎 Feature Request: GraphQL Authorization System,closed,https://github.com/gameguild-gg/gameguild/issues/303,mathrmartins,mathrmartins,authored and assigned,authorization; back-end; duplicate,,2025-10-03T10:23:57Z,2026-09-28T12:45:12Z,2026-09-27T21:33:34Z,Untriaged,Pending issue review,Pending code review,Undetermined,Undetermined,Pending requirements review,Undetermined,Not reviewed,,,
304,💎 Feature Request: Authorization Middleware & Attributes Framework,open,https://github.com/gameguild-gg/gameguild/issues/304,mathrmartins,mathrmartins,authored and assigned,authorization; back-end,,2025-10-03T10:24:00Z,2026-09-26T13:35:00Z,,Untriaged,Pending issue review,Pending code review,Undetermined,Undetermined,Pending requirements review,Undetermined,Not reviewed,,,
305,Authorization Middleware & Attributes Framework,closed,https://github.com/gameguild-gg/gameguild/issues/305,mathrmartins,mathrmartins,authored and assigned,authorization; back-end,,2025-10-03T10:24:02Z,2026-09-26T13:35:03Z,2026-09-26T13:35:01Z,Untriaged,Pending issue review,Pending code review,Undetermined,Undetermined,Pending requirements review,Undetermined,Not reviewed,,,
306,💎 Feature Request: MVC Authorization Framework,open,https://github.com/gameguild-gg/gameguild/issues/306,mathrmartins,mathrmartins,authored and assigned,authorization; back-end,,2025-10-03T10:24:05Z,2026-09-26T13:38:25Z,,Untriaged,Pending issue review,Pending code review,Undetermined,Undetermined,Pending requirements review,Undetermined,Not reviewed,,,
307,[Enhancement]: Authorization Query Operations System,open,https://github.com/gameguild-gg/gameguild/issues/307,mathrmartins,mathrmartins,authored and assigned,authorization; back-end,,2025-10-03T10:24:07Z,2025-10-03T10:24:07Z,,Untriaged,Pending issue review,Pending code review,Undetermined,Undetermined,Pending requirements review,Undetermined,Not reviewed,,,
"308","[Enhancement]: BulkAssignRolesCommand - Efficient Role Assignment","open","https://github.com/gameguild-gg/gameguild/issues/308","mathrmartins","mathrmartins","authored and assigned","authorization; back-end","","2025-10-03T10:24:10Z","2026-09-27T22:42:35Z","","Authorization","The issue body is empty, but the owner clarified acceptance in https://github.com/gameguild-gg/gameguild/issues/308#issuecomment-5846866168: system-admin-only assignment of one active role to 1–500 users; reject empty IDs, missing or soft-deleted users, invalid batch sizes, inactive roles, and expired dates before writes; deduplicate IDs; preserve active grants; renew expired grants; derive AssignedBy from the actor; persist changes once; return per-user outcomes; emit the generic operation event.","PR #576 commit b2061cc04 now checks target users through one IUserRepository.GetByIdsAsync lookup and rejects missing or soft-deleted accounts before assignments. Controller and handler require SystemAdmin; repository deduplicates, preserves active grants, renews expired grants, and performs one SaveChangesAsync for changes. Full Authentication unit suite passed 1,753/1,753; API Release build passed with 0 warnings and errors. GitHub checks are rerunning.","","Permission from the existing system-admin authorization policy; API and generated-client contracts.","Keep unit coverage for actor authorization, empty and missing IDs, missing/inactive role, invalid expiry, 0/501 and 500-user bounds, deduplication, active preservation, expired renewal, single-save behavior, and controller authorization. Current local evidence: 1,753 Authentication tests passed; API Release build passed cleanly. Require current GitHub required gates and review to pass before merge.","Implementation is under review in PR #576; keep open until fresh required checks pass and the PR merges.","Independent code review complete; owner clarification recorded; missing-user validation and boundary/controller tests added on b2061cc04. Local Authentication suite 1,753/1,753 and API Release build pass; GitHub checks are rerunning.","https://github.com/gameguild-gg/gameguild/pull/576","b2061cc04","Local Authentication unit suite: 1,753 passed; API Release build: passed, 0 warnings/errors; GitHub checks rerunning after stacking on feature/web-verification-baseline."
"309","[Enhancement]: bulk permission checks performance","open","https://github.com/gameguild-gg/gameguild/issues/309","mathrmartins","mathrmartins","authored and assigned","authorization; back-end","","2025-10-03T10:24:15Z","2026-09-28T00:10:19Z","","Authorization","Implement multi-user by multi-permission bulk checks without N+1 permission reads, including batching large requests and handling applicable global/tenant grants, inactive or expired grants, and cross-tenant isolation. The issue also explicitly requests multi-resource/combination checks, caching, parallel processing, memory-efficient batching/streaming, benchmarks against individual checks, unit/integration/load tests, and usage documentation.","PR #577 implements ordered bounded permission batches, multi-user/resource/permission combinations, scoped batch-local deduplication, and aggregate metrics. Commit e92c9a0bf adds PostgreSQL Testcontainers comparison: 4/4 focused tests passed, including streaming 1,024 decisions and eight concurrent callers. Local sample: 100 users, individual 3.18 s versus bulk 14.4 ms; 1,000 users, individual 33.7 s versus bulk 62.8 ms. Single unthresholded sample only; not a production benchmark.","","Current permission model, tenant/global grant resolution, and shared API/client contracts.","Keep unit coverage for grants, denies, expired/inactive grants, ordering, duplicates, resource and tenant boundaries; PostgreSQL integration/load tests; safe cross-call cache semantics using authorization version invalidation; repeated representative PostgreSQL benchmark; required CI.","Partial implementation; keep #309 open until cache/version semantics, repeated representative benchmark, and required CI pass.","Partial independent source/test review complete. Four focused PostgreSQL Testcontainers tests pass locally; PR body records raw comparative sample and caveat. PR #577 is stacked on baseline #589; latest combined API and OpenAPI checks passed, while new Web and policy checks are still pending/failing.","https://github.com/gameguild-gg/gameguild/pull/577","6a66a998e","After stacking on feature/web-verification-baseline: API verify passed; OpenAPI client consistency passed; Repository policy and Web verify failed on the prior run before baseline; new combined checks pending."
310,[Enhancement]: Bulk Permission Grant & Revoke Operations,closed,https://github.com/gameguild-gg/gameguild/issues/310,mathrmartins,mathrmartins,authored and assigned,authorization; back-end,,2025-10-03T10:24:17Z,2026-09-26T13:49:11Z,2026-09-26T13:49:11Z,Untriaged,Pending issue review,Pending code review,Undetermined,Undetermined,Pending requirements review,Undetermined,Not reviewed,,,
311,[Enhancement]: Central Policy Registry with Signed Policy Bundles,open,https://github.com/gameguild-gg/gameguild/issues/311,mathrmartins,mathrmartins,authored and assigned,authorization; back-end,,2025-10-03T10:24:20Z,2026-09-26T14:12:39Z,,Untriaged,Pending issue review,Pending code review,Undetermined,Undetermined,Pending requirements review,Undetermined,Not reviewed,,,
312,💎 Feature Request: Comprehensive Permission Types Management,open,https://github.com/gameguild-gg/gameguild/issues/312,mathrmartins,mathrmartins,authored and assigned,authorization; back-end,,2025-10-03T10:24:22Z,2025-10-03T10:24:22Z,,Untriaged,Pending issue review,Pending code review,Undetermined,Undetermined,Pending requirements review,Undetermined,Not reviewed,,,
313,[Enhancement]: Conditional Policies (Time-of-Day / Environment-Based Access Control),open,https://github.com/gameguild-gg/gameguild/issues/313,mathrmartins,mathrmartins,authored and assigned,authorization; back-end,,2025-10-03T10:24:25Z,2025-10-03T10:24:25Z,,Untriaged,Pending issue review,Pending code review,Undetermined,Undetermined,Pending requirements review,Undetermined,Not reviewed,,,
314,[Enhancement]: content type level permissions,open,https://github.com/gameguild-gg/gameguild/issues/314,mathrmartins,mathrmartins,authored and assigned,authorization; back-end,,2025-10-03T10:24:27Z,2026-09-25T16:48:49Z,,Untriaged,Pending issue review,Pending code review,Undetermined,Undetermined,Pending requirements review,Undetermined,Not reviewed,,,
315,[Enhancement]: contenttypepermission permissions by content type,closed,https://github.com/gameguild-gg/gameguild/issues/315,mathrmartins,mathrmartins,authored and assigned,authorization; back-end,,2025-10-03T10:24:32Z,2026-09-25T16:49:00Z,2026-09-25T16:49:00Z,Untriaged,Pending issue review,Pending code review,Undetermined,Undetermined,Pending requirements review,Undetermined,Not reviewed,,,
316,"[Enhancement]: CRUD Permissions (Create, Read, Update, Delete)",open,https://github.com/gameguild-gg/gameguild/issues/316,mathrmartins,mathrmartins,authored and assigned,authorization; back-end,,2025-10-03T10:24:34Z,2025-10-03T10:24:34Z,,Untriaged,Pending issue review,Pending code review,Undetermined,Undetermined,Pending requirements review,Undetermined,Not reviewed,,,
317,"[Enhancement]: Curation Permissions (Approve, Reject, Review, Comment)",open,https://github.com/gameguild-gg/gameguild/issues/317,mathrmartins,mathrmartins,authored and assigned,authorization; back-end,,2025-10-03T10:24:39Z,2025-10-03T10:24:39Z,,Untriaged,Pending issue review,Pending code review,Undetermined,Undetermined,Pending requirements review,Undetermined,Not reviewed,,,
318,[Enhancement]: DAC Attribute Hierarchy with IDacAttribute Interface,open,https://github.com/gameguild-gg/gameguild/issues/318,mathrmartins,mathrmartins,authored and assigned,authorization; back-end,,2025-10-03T10:24:41Z,2025-10-03T10:24:41Z,,Untriaged,Pending issue review,Pending code review,Undetermined,Undetermined,Pending requirements review,Undetermined,Not reviewed,,,
319,[Enhancement]: DacAuthorizationFilter for MVC Controllers,closed,https://github.com/gameguild-gg/gameguild/issues/319,mathrmartins,mathrmartins,authored and assigned,authorization; back-end,,2025-10-03T10:24:48Z,2026-09-26T13:36:57Z,2026-09-26T13:36:56Z,Untriaged,Pending issue review,Pending code review,Undetermined,Undetermined,Pending requirements review,Undetermined,Not reviewed,,,
320,[Enhancement]: DAC (Discretionary Access Control) Framework System,open,https://github.com/gameguild-gg/gameguild/issues/320,mathrmartins,mathrmartins,authored and assigned,authorization; back-end,,2025-10-03T10:24:51Z,2025-10-03T10:24:51Z,,Untriaged,Pending issue review,Pending code review,Undetermined,Undetermined,Pending requirements review,Undetermined,Not reviewed,,,
321,DAC Permission Attributes System,closed,https://github.com/gameguild-gg/gameguild/issues/321,mathrmartins,mathrmartins,authored and assigned,authorization; back-end,,2025-10-03T10:24:55Z,2026-09-26T13:36:50Z,2026-09-26T13:36:49Z,Untriaged,Pending issue review,Pending code review,Undetermined,Undetermined,Pending requirements review,Undetermined,Not reviewed,,,
322,[Enhancement]: DacPermissionResolver with Structured Logging,open,https://github.com/gameguild-gg/gameguild/issues/322,mathrmartins,mathrmartins,authored and assigned,authorization; back-end,,2025-10-03T10:25:01Z,2025-10-03T10:25:01Z,,Untriaged,Pending issue review,Pending code review,Undetermined,Undetermined,Pending requirements review,Undetermined,Not reviewed,,,
323,[Enhancement]: dac system discretionary access control,open,https://github.com/gameguild-gg/gameguild/issues/323,mathrmartins,mathrmartins,authored and assigned,authorization; back-end,,2025-10-03T10:25:06Z,2025-10-03T10:25:06Z,,Untriaged,Pending issue review,Pending code review,Undetermined,Undetermined,Pending requirements review,Undetermined,Not reviewed,,,
324,[Enhancement]: Data Masking Rules Enforced by Authorization Layer (Field-Level Filtering),open,https://github.com/gameguild-gg/gameguild/issues/324,mathrmartins,mathrmartins,authored and assigned,authorization; back-end,,2025-10-03T10:25:12Z,2026-09-28T04:09:00Z,,Authorization,Pending issue review,Implementation PR #580; summary and claimed tests in PR; independent source/acceptance review pending.,Undetermined,Undetermined,Pending requirements review,In progress; keep issue open until acceptance and required gates are verified.,PR mapped; implementation not independently audited.,https://github.com/gameguild-gg/gameguild/pull/580,49dcb395f,Repository policy: passed; API verify: passed; OpenAPI: passed; Web verify: failed; required gate: failed
325,[Enhancement]: Delegated Administration Scopes (Tenant-Scoped Admin Delegation),open,https://github.com/gameguild-gg/gameguild/issues/325,mathrmartins,mathrmartins,authored and assigned,authorization; back-end,,2025-10-03T10:25:15Z,2025-10-03T10:25:15Z,,Untriaged,Pending issue review,Pending code review,Undetermined,Undetermined,Pending requirements review,Undetermined,Not reviewed,,,
326,[Enhancement]: Deny-by-Default Enforcement Model,closed,https://github.com/gameguild-gg/gameguild/issues/326,mathrmartins,mathrmartins,authored and assigned,authorization; back-end,,2025-10-03T10:25:18Z,2026-09-25T16:49:00Z,2026-09-25T16:49:00Z,Untriaged,Pending issue review,Pending code review,Undetermined,Undetermined,Pending requirements review,Undetermined,Not reviewed,,,
327,[Enhancement]: deny by default security model,open,https://github.com/gameguild-gg/gameguild/issues/327,mathrmartins,mathrmartins,authored and assigned,authorization; back-end,,2025-10-03T10:25:21Z,2025-10-03T10:25:21Z,,Untriaged,Pending issue review,Pending code review,Undetermined,Undetermined,Pending requirements review,Undetermined,Not reviewed,,,
328,[Enhancement]: Discretionary Access Control (DAC) Model - Tenant/Content-Type/Resource Hierarchy,open,https://github.com/gameguild-gg/gameguild/issues/328,mathrmartins,mathrmartins,authored and assigned,authorization; back-end,,2025-10-03T10:25:26Z,2025-10-03T10:25:26Z,,Untriaged,Pending issue review,Pending code review,Undetermined,Undetermined,Pending requirements review,Undetermined,Not reviewed,,,
329,"[Enhancement]: Editorial Permissions (Edit, Draft, Schedule)",open,https://github.com/gameguild-gg/gameguild/issues/329,mathrmartins,mathrmartins,authored and assigned,authorization; back-end,,2025-10-03T10:25:37Z,2025-10-03T10:25:37Z,,Untriaged,Pending issue review,Pending code review,Undetermined,Undetermined,Pending requirements review,Undetermined,Not reviewed,,,
330,[Enhancement]: Effective Permission Resolution with Multi-Layer Checks,open,https://github.com/gameguild-gg/gameguild/issues/330,mathrmartins,mathrmartins,authored and assigned,authorization; back-end,,2025-10-03T10:25:45Z,2025-10-03T10:25:45Z,,Untriaged,Pending issue review,Pending code review,Undetermined,Undetermined,Pending requirements review,Undetermined,Not reviewed,,,
331,[Enhancement]: expiration support expiresat field,open,https://github.com/gameguild-gg/gameguild/issues/331,mathrmartins,mathrmartins,authored and assigned,Stale; authorization; back-end,,2025-10-03T10:25:52Z,2026-09-28T07:28:08Z,,Untriaged,Pending issue review,Pending code review,Undetermined,Undetermined,Pending requirements review,Undetermined,Not reviewed,,,
332,"[Enhancement]: 30+ Granular Permission Types - CRUD, Curation, Lifecycle, Editorial, Moderation, Monetization, Administrative, System",closed,https://github.com/gameguild-gg/gameguild/issues/332,mathrmartins,mathrmartins,authored and assigned,authorization; back-end,,2025-10-03T10:25:59Z,2026-09-25T16:49:00Z,2026-09-25T16:48:59Z,Untriaged,Pending issue review,Pending code review,Undetermined,Undetermined,Pending requirements review,Undetermined,Not reviewed,,,
333,Granular Permission Types System,open,https://github.com/gameguild-gg/gameguild/issues/333,mathrmartins,mathrmartins,authored and assigned,Stale; authorization; back-end,,2025-10-03T10:26:04Z,2026-09-28T07:28:06Z,,Untriaged,Pending issue review,Pending code review,Undetermined,Undetermined,Pending requirements review,Undetermined,Not reviewed,,,
334,[Enhancement]: Graph-Based Permission Visualization & Impact Analysis,open,https://github.com/gameguild-gg/gameguild/issues/334,mathrmartins,mathrmartins,authored and assigned,Stale; authorization; back-end,,2025-10-03T10:26:08Z,2026-08-21T02:46:34Z,,Untriaged,Pending issue review,Pending code review,Undetermined,Undetermined,Pending requirements review,Undetermined,Not reviewed,,,
335,GraphQL Authorization Framework,open,https://github.com/gameguild-gg/gameguild/issues/335,mathrmartins,mathrmartins,authored and assigned,authorization; back-end,,2025-10-03T10:26:10Z,2026-09-28T13:17:08Z,,Authorization and GraphQL,Pending issue review,Implementation PR #585; summary and claimed tests in PR; independent source/acceptance review pending.,Undetermined,Undetermined,Pending requirements review,In progress; keep issue open until acceptance and required gates are verified.,PR mapped; implementation not independently audited.,https://github.com/gameguild-gg/gameguild/pull/585,0d965f54a,Repository policy: passed; API verify: failed; OpenAPI: passed; Web verify: failed; required gate: failed
336,[Enhancement]: GraphQL Authorization Middleware & Directive Integration,closed,https://github.com/gameguild-gg/gameguild/issues/336,mathrmartins,mathrmartins,authored and assigned,authorization; back-end; duplicate,,2025-10-03T10:26:14Z,2026-09-28T12:45:12Z,2026-09-27T21:29:07Z,Untriaged,Pending issue review,Pending code review,Undetermined,Undetermined,Pending requirements review,Undetermined,Not reviewed,,,
337,[Enhancement]: Advanced GraphQL Authorization Middleware Integration,closed,https://github.com/gameguild-gg/gameguild/issues/337,mathrmartins,mathrmartins,authored and assigned,authorization; back-end; duplicate,,2025-10-03T10:26:17Z,2026-09-28T12:45:13Z,2026-09-27T21:29:59Z,Untriaged,Pending issue review,Pending code review,Undetermined,Undetermined,Pending requirements review,Undetermined,Not reviewed,,,
338,[Enhancement]: GraphQL Authorization Middleware for Queries and Mutations,closed,https://github.com/gameguild-gg/gameguild/issues/338,mathrmartins,mathrmartins,authored and assigned,authorization; back-end; duplicate,,2025-10-03T10:26:19Z,2026-09-28T12:45:12Z,2026-09-27T21:28:07Z,Untriaged,Pending issue review,Pending code review,Undetermined,Undetermined,Pending requirements review,Undetermined,Not reviewed,,,
339,[Enhancement]: IDacPermissionResolver Interface for Centralized Permission Logic,open,https://github.com/gameguild-gg/gameguild/issues/339,mathrmartins,mathrmartins,authored and assigned,Stale; authorization; back-end,,2025-10-03T10:26:25Z,2026-08-18T02:37:56Z,,Untriaged,Pending issue review,Pending code review,Undetermined,Undetermined,Pending requirements review,Undetermined,Not reviewed,,,
340,[Enhancement]: ipermissionservice interface crud operations,open,https://github.com/gameguild-gg/gameguild/issues/340,mathrmartins,mathrmartins,authored and assigned,Stale; authorization; back-end,,2025-10-03T10:26:28Z,2026-08-18T02:37:54Z,,Untriaged,Pending issue review,Pending code review,Undetermined,Undetermined,Pending requirements review,Undetermined,Not reviewed,,,
341,[Enhancement]: Just-in-Time Elevation (Time-Bound Permission Grants with Approval),open,https://github.com/gameguild-gg/gameguild/issues/341,mathrmartins,mathrmartins,authored and assigned,Stale; authorization; back-end,,2025-10-03T10:26:30Z,2026-08-14T03:40:03Z,,Untriaged,Pending issue review,Pending code review,Undetermined,Undetermined,Pending requirements review,Undetermined,Not reviewed,,,
342,[Enhancement]: L1 In-Memory & L2 Redis Permission Caching,closed,https://github.com/gameguild-gg/gameguild/issues/342,mathrmartins,mathrmartins,authored and assigned,authorization; back-end,,2025-10-03T10:26:33Z,2026-09-26T06:16:05Z,2026-09-26T05:38:31Z,Untriaged,Pending issue review,Pending code review,Undetermined,Undetermined,Pending requirements review,Undetermined,Not reviewed,,,
343,"[Enhancement]: Lifecycle Permissions (Publish, Unpublish, Archive, Restore)",open,https://github.com/gameguild-gg/gameguild/issues/343,mathrmartins,mathrmartins,authored and assigned,Stale; authorization; back-end,,2025-10-03T10:26:36Z,2026-08-14T03:40:00Z,,Untriaged,Pending issue review,Pending code review,Undetermined,Undetermined,Pending requirements review,Undetermined,Not reviewed,,,
344,"[Enhancement]: Moderation Permissions (Moderate, Flag, Ban, Warn)",open,https://github.com/gameguild-gg/gameguild/issues/344,mathrmartins,mathrmartins,authored and assigned,Stale; authorization; back-end,,2025-10-03T10:26:38Z,2026-08-14T03:39:59Z,,Untriaged,Pending issue review,Pending code review,Undetermined,Undetermined,Pending requirements review,Undetermined,Not reviewed,,,
345,"[Enhancement]: Monetization & Analytics Permissions (Monetize, ViewAnalytics, Configure)",closed,https://github.com/gameguild-gg/gameguild/issues/345,mathrmartins,mathrmartins,authored and assigned,Stale; authorization; back-end,,2025-10-03T10:26:40Z,2026-09-25T16:49:00Z,2026-09-25T16:49:00Z,Untriaged,Pending issue review,Pending code review,Undetermined,Undetermined,Pending requirements review,Undetermined,Not reviewed,,,
346,[Enhancement]: monetization analytics permissions monetize viewanalytics configure,open,https://github.com/gameguild-gg/gameguild/issues/346,mathrmartins,mathrmartins,authored and assigned,Stale; authorization; back-end,,2025-10-03T10:26:43Z,2026-08-14T03:39:57Z,,Untriaged,Pending issue review,Pending code review,Undetermined,Undetermined,Pending requirements review,Undetermined,Not reviewed,,,
347,[Enhancement]: Multi-Layer Effective Permission Resolution,closed,https://github.com/gameguild-gg/gameguild/issues/347,mathrmartins,mathrmartins,authored and assigned,Stale; authorization; back-end,,2025-10-03T10:26:45Z,2026-09-25T16:48:59Z,2026-09-25T16:48:59Z,Untriaged,Pending issue review,Pending code review,Undetermined,Undetermined,Pending requirements review,Undetermined,Not reviewed,,,
348,[Enhancement]: MVC Authorization Attributes - RequireDacPermission,closed,https://github.com/gameguild-gg/gameguild/issues/348,mathrmartins,mathrmartins,authored and assigned,Stale; authorization; back-end,,2025-10-03T10:26:47Z,2026-09-26T13:36:54Z,2026-09-26T13:36:52Z,Untriaged,Pending issue review,Pending code review,Undetermined,Undetermined,Pending requirements review,Undetermined,Not reviewed,,,
349,MVC Authorization Integration,closed,https://github.com/gameguild-gg/gameguild/issues/349,mathrmartins,mathrmartins,authored and assigned,Stale; authorization; back-end,,2025-10-03T10:26:52Z,2026-09-28T10:33:10Z,2026-09-25T06:29:51Z,Untriaged,Pending issue review,Pending code review,Undetermined,Undetermined,Pending requirements review,Undetermined,Not reviewed,,,
350,[Enhancement]: Permission Analytics & Cache Statistics Endpoints,closed,https://github.com/gameguild-gg/gameguild/issues/350,mathrmartins,mathrmartins,authored and assigned,Stale; authorization; back-end,,2025-10-03T10:26:55Z,2026-09-28T10:33:14Z,2026-09-24T06:36:43Z,Untriaged,Pending issue review,Pending code review,Undetermined,Undetermined,Pending requirements review,Undetermined,Not reviewed,,,
351,"[Enhancement]: Permission Audit Logging - Grants, Revokes, Denies",closed,https://github.com/gameguild-gg/gameguild/issues/351,mathrmartins,mathrmartins,authored and assigned,Stale; authorization; back-end,,2025-10-03T10:26:59Z,2026-09-28T10:33:17Z,2026-09-24T06:36:41Z,Untriaged,Pending issue review,Pending code review,Undetermined,Undetermined,Pending requirements review,Undetermined,Not reviewed,,,
352,[Enhancement]: permissionbase abstract entity common properties,closed,https://github.com/gameguild-gg/gameguild/issues/352,mathrmartins,mathrmartins,authored and assigned,Stale; authorization; back-end,,2025-10-03T10:27:02Z,2026-09-21T06:55:56Z,2026-09-21T06:55:56Z,Untriaged,Pending issue review,Pending code review,Undetermined,Undetermined,Pending requirements review,Undetermined,Not reviewed,,,
353,💎 Feature Request: High-Performance Permission Caching Framework,open,https://github.com/gameguild-gg/gameguild/issues/353,mathrmartins,mathrmartins,authored and assigned,authorization; back-end,,2025-10-03T10:27:05Z,2026-09-28T06:43:57Z,,Authorization and permission cache,Pending issue review,Implementation PR #581; summary and claimed tests in PR; independent source/acceptance review pending.,Undetermined,Undetermined,Pending requirements review,In progress; keep issue open until acceptance and required gates are verified.,PR mapped; implementation not independently audited.,https://github.com/gameguild-gg/gameguild/pull/581,d4d3319f8,Repository policy: passed; API verify: passed; OpenAPI: passed; Web verify: failed; required gate: failed
354,[Enhancement]: permission caching invalidation,open,https://github.com/gameguild-gg/gameguild/issues/354,mathrmartins,mathrmartins,authored and assigned,authorization; back-end,,2025-10-03T10:27:08Z,2026-09-28T06:43:59Z,,Authorization and permission cache,Pending issue review,Implementation PR #581; summary and claimed tests in PR; independent source/acceptance review pending.,Undetermined,Undetermined,Pending requirements review,In progress; keep issue open until acceptance and required gates are verified.,PR mapped; implementation not independently audited.,https://github.com/gameguild-gg/gameguild/pull/581,d4d3319f8,Repository policy: passed; API verify: passed; OpenAPI: passed; Web verify: failed; required gate: failed
355,Permission Caching System,closed,https://github.com/gameguild-gg/gameguild/issues/355,mathrmartins,mathrmartins,authored and assigned,Stale; authorization; back-end,,2025-10-03T10:27:10Z,2026-09-28T10:33:21Z,2026-09-20T06:49:10Z,Untriaged,Pending issue review,Pending code review,Undetermined,Undetermined,Pending requirements review,Undetermined,Not reviewed,,,
356,[Enhancement]: Permission Enforcement via MVC Attributes,closed,https://github.com/gameguild-gg/gameguild/issues/356,mathrmartins,mathrmartins,authored and assigned,Stale; authorization; back-end,,2025-10-03T10:27:12Z,2026-09-28T10:33:25Z,2026-09-20T06:49:08Z,Untriaged,Pending issue review,Pending code review,Undetermined,Undetermined,Pending requirements review,Undetermined,Not reviewed,,,
357,[Enhancement]: Permission Entities Data Model System,closed,https://github.com/gameguild-gg/gameguild/issues/357,mathrmartins,mathrmartins,authored and assigned,Stale; authorization; back-end,,2025-10-03T10:27:16Z,2026-09-20T06:49:07Z,2026-09-20T06:49:07Z,Untriaged,Pending issue review,Pending code review,Undetermined,Undetermined,Pending requirements review,Undetermined,Not reviewed,,,
358,Permission Evaluation Engine,closed,https://github.com/gameguild-gg/gameguild/issues/358,mathrmartins,mathrmartins,authored and assigned,Stale; authorization; back-end,,2025-10-03T10:27:18Z,2026-09-20T06:49:06Z,2026-09-20T06:49:06Z,Untriaged,Pending issue review,Pending code review,Undetermined,Undetermined,Pending requirements review,Undetermined,Not reviewed,,,
359,[Enhancement]: permission evaluation logging user tenant resource outcome,closed,https://github.com/gameguild-gg/gameguild/issues/359,mathrmartins,mathrmartins,authored and assigned,Stale; authorization; back-end,,2025-10-03T10:27:23Z,2026-09-28T10:33:28Z,2026-09-20T06:49:05Z,Untriaged,Pending issue review,Pending code review,Undetermined,Undetermined,Pending requirements review,Undetermined,Not reviewed,,,
360,💎 Feature Request: Permission Evaluation System,closed,https://github.com/gameguild-gg/gameguild/issues/360,mathrmartins,mathrmartins,authored and assigned,Stale; authorization; back-end,,2025-10-03T10:27:25Z,2026-09-20T06:49:03Z,2026-09-20T06:49:03Z,Untriaged,Pending issue review,Pending code review,Undetermined,Undetermined,Pending requirements review,Undetermined,Not reviewed,,,
361,[Enhancement]: Permission Inheritance with Precedence Rules,closed,https://github.com/gameguild-gg/gameguild/issues/361,mathrmartins,mathrmartins,authored and assigned,Stale; authorization; back-end,,2025-10-03T10:27:28Z,2026-09-20T06:49:02Z,2026-09-20T06:49:02Z,Untriaged,Pending issue review,Pending code review,Undetermined,Undetermined,Pending requirements review,Undetermined,Not reviewed,,,
362,[Enhancement]: permission inheritance resolution,closed,https://github.com/gameguild-gg/gameguild/issues/362,mathrmartins,mathrmartins,authored and assigned,Stale; authorization; back-end,,2025-10-03T10:27:30Z,2026-07-30T04:36:34Z,2026-07-30T04:36:34Z,Untriaged,Pending issue review,Pending code review,Undetermined,Undetermined,Pending requirements review,Undetermined,Not reviewed,,,
363,[Enhancement]: permission precedence inheritance rules,closed,https://github.com/gameguild-gg/gameguild/issues/363,mathrmartins,mathrmartins,authored and assigned,Stale; authorization; back-end,,2025-10-03T10:27:33Z,2026-07-13T05:02:06Z,2026-07-13T05:02:06Z,Untriaged,Pending issue review,Pending code review,Undetermined,Undetermined,Pending requirements review,Undetermined,Not reviewed,,,
364,💎 Feature Request: Permission Resolution Engine,closed,https://github.com/gameguild-gg/gameguild/issues/364,mathrmartins,mathrmartins,authored and assigned,Stale; authorization; back-end,,2025-10-03T10:27:36Z,2026-07-12T04:55:28Z,2026-07-12T04:55:28Z,Untriaged,Pending issue review,Pending code review,Undetermined,Undetermined,Pending requirements review,Undetermined,Not reviewed,,,
365,Permission Resolution System,closed,https://github.com/gameguild-gg/gameguild/issues/365,mathrmartins,mathrmartins,authored and assigned,Stale; authorization; back-end,,2025-10-03T10:27:39Z,2026-07-12T04:55:27Z,2026-07-12T04:55:27Z,Untriaged,Pending issue review,Pending code review,Undetermined,Undetermined,Pending requirements review,Undetermined,Not reviewed,,,
366,[Enhancement]: Permission Resolver with Audit Hooks,closed,https://github.com/gameguild-gg/gameguild/issues/366,mathrmartins,mathrmartins,authored and assigned,Stale; authorization; back-end,,2025-10-03T10:27:41Z,2026-07-10T05:40:58Z,2026-07-10T05:40:58Z,Untriaged,Pending issue review,Pending code review,Undetermined,Undetermined,Pending requirements review,Undetermined,Not reviewed,,,
367,[Enhancement]: permissionservice implementation database access,closed,https://github.com/gameguild-gg/gameguild/issues/367,mathrmartins,mathrmartins,authored and assigned,Stale; authorization; back-end,,2025-10-03T10:27:44Z,2026-07-10T05:40:56Z,2026-07-10T05:40:56Z,Untriaged,Pending issue review,Pending code review,Undetermined,Undetermined,Pending requirements review,Undetermined,Not reviewed,,,
368,[Enhancement]: Permission Services & Business Logic System,closed,https://github.com/gameguild-gg/gameguild/issues/368,mathrmartins,mathrmartins,authored and assigned,Stale; authorization; back-end,,2025-10-03T10:27:46Z,2026-07-09T05:53:25Z,2026-07-09T05:53:25Z,Untriaged,Pending issue review,Pending code review,Undetermined,Undetermined,Pending requirements review,Undetermined,Not reviewed,,,
369,[Enhancement]: Permission Templates & Role Templates System,closed,https://github.com/gameguild-gg/gameguild/issues/369,mathrmartins,mathrmartins,authored and assigned,Stale; authorization; back-end,,2025-10-03T10:27:51Z,2026-07-09T05:53:24Z,2026-07-09T05:53:24Z,Untriaged,Pending issue review,Pending code review,Undetermined,Undetermined,Pending requirements review,Undetermined,Not reviewed,,,
370,[Enhancement]: Permission Template Versioning & Migration Tooling,closed,https://github.com/gameguild-gg/gameguild/issues/370,mathrmartins,mathrmartins,authored and assigned,Stale; authorization; back-end,,2025-10-03T10:27:55Z,2026-07-09T05:53:22Z,2026-07-09T05:53:22Z,Untriaged,Pending issue review,Pending code review,Undetermined,Undetermined,Pending requirements review,Undetermined,Not reviewed,,,
371,[Enhancement]: Permission Types Management System (30+ Operations),closed,https://github.com/gameguild-gg/gameguild/issues/371,mathrmartins,mathrmartins,authored and assigned,Stale; authorization; back-end,,2025-10-03T10:27:57Z,2026-09-28T10:33:31Z,2026-07-09T05:53:21Z,Untriaged,Pending issue review,Pending code review,Undetermined,Undetermined,Pending requirements review,Undetermined,Not reviewed,,,
372,[Enhancement]: Planned Owner Override Enhancement,closed,https://github.com/gameguild-gg/gameguild/issues/372,mathrmartins,mathrmartins,authored and assigned,Stale; authorization; back-end,,2025-10-03T10:28:00Z,2026-07-09T05:53:20Z,2026-07-09T05:53:20Z,Untriaged,Pending issue review,Pending code review,Undetermined,Undetermined,Pending requirements review,Undetermined,Not reviewed,,,
373,[Enhancement]: planned role assignment apis,closed,https://github.com/gameguild-gg/gameguild/issues/373,mathrmartins,mathrmartins,authored and assigned,Stale; authorization; back-end,,2025-10-03T10:28:02Z,2026-07-09T05:53:19Z,2026-07-09T05:53:19Z,Untriaged,Pending issue review,Pending code review,Undetermined,Undetermined,Pending requirements review,Undetermined,Not reviewed,,,
374,[Enhancement]: Policy Simulation & Dry-Run Endpoint (What-If Permission Evaluation),closed,https://github.com/gameguild-gg/gameguild/issues/374,mathrmartins,mathrmartins,authored and assigned,Stale; authorization; back-end,,2025-10-03T10:28:05Z,2026-07-07T05:43:29Z,2026-07-07T05:43:29Z,Untriaged,Pending issue review,Pending code review,Undetermined,Undetermined,Pending requirements review,Undetermined,Not reviewed,,,
375,"[Enhancement]: Query Operations Permissions (List, Search, Query)",closed,https://github.com/gameguild-gg/gameguild/issues/375,mathrmartins,mathrmartins,authored and assigned,Stale; authorization; back-end,,2025-10-03T10:28:07Z,2026-09-28T10:33:35Z,2026-05-11T05:36:48Z,Untriaged,Pending issue review,Pending code review,Undetermined,Undetermined,Pending requirements review,Undetermined,Not reviewed,,,
376,[Enhancement]: RBAC - Role-Based Access Control with Assignment APIs,closed,https://github.com/gameguild-gg/gameguild/issues/376,mathrmartins,mathrmartins,authored and assigned,Stale; authorization; back-end,,2025-10-03T10:28:10Z,2026-05-10T05:05:54Z,2026-05-10T05:05:54Z,Untriaged,Pending issue review,Pending code review,Undetermined,Undetermined,Pending requirements review,Undetermined,Not reviewed,,,
377,[Enhancement]: RequireContentTypePermissionAttribute for Content-Type Permissions,closed,https://github.com/gameguild-gg/gameguild/issues/377,mathrmartins,mathrmartins,authored and assigned,Stale; authorization; back-end,,2025-10-03T10:28:12Z,2026-09-28T10:33:38Z,2026-05-09T04:52:03Z,Untriaged,Pending issue review,Pending code review,Undetermined,Undetermined,Pending requirements review,Undetermined,Not reviewed,,,
378,[Enhancement]: RequireDacPermissionAttribute for Tenant-Level Permissions,closed,https://github.com/gameguild-gg/gameguild/issues/378,mathrmartins,mathrmartins,authored and assigned,Stale; authorization; back-end,,2025-10-03T10:28:15Z,2026-09-28T10:33:41Z,2026-05-09T04:52:02Z,Untriaged,Pending issue review,Pending code review,Undetermined,Undetermined,Pending requirements review,Undetermined,Not reviewed,,,
379,[Enhancement]: RequireResourcePermissionAttribute for Resource-Level Permissions,closed,https://github.com/gameguild-gg/gameguild/issues/379,mathrmartins,mathrmartins,authored and assigned,Stale; authorization; back-end,,2025-10-03T10:28:20Z,2026-09-28T10:33:45Z,2026-05-08T04:39:37Z,Untriaged,Pending issue review,Pending code review,Undetermined,Undetermined,Pending requirements review,Undetermined,Not reviewed,,,
380,[Enhancement]: Resource-Level Permission Entities with Expiration,closed,https://github.com/gameguild-gg/gameguild/issues/380,mathrmartins,mathrmartins,authored and assigned,Stale; authorization; back-end,,2025-10-03T10:28:23Z,2026-05-08T04:39:35Z,2026-05-08T04:39:35Z,Untriaged,Pending issue review,Pending code review,Undetermined,Undetermined,Pending requirements review,Undetermined,Not reviewed,,,
381,[Enhancement]: resource level permissions individual resource,closed,https://github.com/gameguild-gg/gameguild/issues/381,mathrmartins,mathrmartins,authored and assigned,Stale; authorization; back-end,,2025-10-03T10:28:25Z,2026-05-08T04:39:34Z,2026-05-08T04:39:34Z,Untriaged,Pending issue review,Pending code review,Undetermined,Undetermined,Pending requirements review,Undetermined,Not reviewed,,,
382,[Enhancement]: resourcepermission generic resource level permissions,closed,https://github.com/gameguild-gg/gameguild/issues/382,mathrmartins,mathrmartins,authored and assigned,Stale; authorization; back-end,,2025-10-03T10:28:28Z,2026-05-07T04:59:52Z,2026-05-07T04:59:52Z,Untriaged,Pending issue review,Pending code review,Undetermined,Undetermined,Pending requirements review,Undetermined,Not reviewed,,,
383,[Enhancement]: Separation-of-Duties Conflict Detection (SoD Rules),closed,https://github.com/gameguild-gg/gameguild/issues/383,mathrmartins,mathrmartins,authored and assigned,Stale; authorization; back-end,,2025-10-03T10:28:30Z,2026-09-28T10:35:09Z,2026-05-07T04:59:50Z,Untriaged,Pending issue review,Pending code review,Undetermined,Undetermined,Pending requirements review,Undetermined,Not reviewed,,,
384,[Enhancement]: Soft Delete & History Tracking for Permissions,open,https://github.com/gameguild-gg/gameguild/issues/384,mathrmartins,mathrmartins,authored and assigned,authorization; back-end,,2025-10-03T10:28:33Z,2026-09-28T12:17:38Z,,Authorization and tenant permissions,Pending issue review,Implementation PR #584; summary and claimed tests in PR; independent source/acceptance review pending.,Undetermined,Undetermined,Pending requirements review,In progress; keep issue open until acceptance and required gates are verified.,PR mapped; implementation not independently audited.,https://github.com/gameguild-gg/gameguild/pull/584,56ed38a32,Repository policy: passed; API verify: passed; OpenAPI: passed; Web verify: failed; required gate: failed
385,"[Enhancement]: System Permissions (SystemConfig, BackupRestore, DataMigration)",closed,https://github.com/gameguild-gg/gameguild/issues/385,mathrmartins,mathrmartins,authored and assigned,Stale; authorization; back-end,,2025-10-03T10:28:36Z,2026-09-28T10:33:48Z,2026-05-07T04:59:48Z,Untriaged,Pending issue review,Pending code review,Undetermined,Undetermined,Pending requirements review,Undetermined,Not reviewed,,,
386,[Enhancement]: system permissions systemconfig backuprestore datamigration,closed,https://github.com/gameguild-gg/gameguild/issues/386,mathrmartins,mathrmartins,authored and assigned,Stale; authorization; back-end,,2025-10-03T10:28:38Z,2026-09-28T10:33:51Z,2026-05-06T04:57:30Z,Untriaged,Pending issue review,Pending code review,Undetermined,Undetermined,Pending requirements review,Undetermined,Not reviewed,,,
387,[Enhancement]: tenant level permissions global tenant access,open,https://github.com/gameguild-gg/gameguild/issues/387,mathrmartins,mathrmartins,authored and assigned,authorization; back-end,,2025-10-03T10:28:41Z,2026-09-28T12:45:10Z,,Authorization and tenant permissions,Pending issue review,Implementation PR #584; summary and claimed tests in PR; independent source/acceptance review pending.,Undetermined,Undetermined,Pending requirements review,In progress; keep issue open until acceptance and required gates are verified.,PR mapped; implementation not independently audited.,https://github.com/gameguild-gg/gameguild/pull/584,56ed38a32,Repository policy: passed; API verify: passed; OpenAPI: passed; Web verify: failed; required gate: failed
388,[Enhancement]: tenantpermission user tenant permission grants,closed,https://github.com/gameguild-gg/gameguild/issues/388,mathrmartins,mathrmartins,authored and assigned,Stale; authorization; back-end,,2025-10-03T10:28:44Z,2026-05-06T04:57:27Z,2026-05-06T04:57:27Z,Untriaged,Pending issue review,Pending code review,Undetermined,Undetermined,Pending requirements review,Undetermined,Not reviewed,,,
389,"[Enhancement]: 3-Layer Permission Model (Tenant, Content-Type, Resource)",closed,https://github.com/gameguild-gg/gameguild/issues/389,mathrmartins,mathrmartins,authored and assigned,Stale; authorization; back-end,,2025-10-03T10:28:49Z,2026-05-05T04:44:31Z,2026-05-05T04:44:31Z,Untriaged,Pending issue review,Pending code review,Undetermined,Undetermined,Pending requirements review,Undetermined,Not reviewed,,,
390,[Enhancement]: Unified Access Review & Certification Workflow (Attestations),open,https://github.com/gameguild-gg/gameguild/issues/390,mathrmartins,mathrmartins,authored and assigned,authorization; back-end,,2025-10-03T10:28:52Z,2026-09-28T11:11:32Z,,Authorization and access review,Pending issue review,Implementation PR #583; summary and claimed tests in PR; independent source/acceptance review pending.,Undetermined,Undetermined,Pending requirements review,In progress; keep issue open until acceptance and required gates are verified.,PR mapped; implementation not independently audited.,https://github.com/gameguild-gg/gameguild/pull/583,7ad45234a,Repository policy: passed; API verify: passed; OpenAPI: passed; Web verify: failed; required gate: failed
391,Billing Event Handling and Validation,open,https://github.com/gameguild-gg/gameguild/issues/391,mathrmartins,mathrmartins,authored and assigned,back-end; billing,,2025-10-03T10:28:54Z,2026-09-28T07:27:59Z,,Untriaged,Pending issue review,Pending code review,Undetermined,Undetermined,Pending requirements review,Undetermined,Not reviewed,,,
392,"Billing Interval Handling (Monthly, Quarterly, Annually)",open,https://github.com/gameguild-gg/gameguild/issues/392,mathrmartins,mathrmartins,authored and assigned,back-end; billing,,2025-10-03T10:28:56Z,2026-09-28T07:27:58Z,,Untriaged,Pending issue review,Pending code review,Undetermined,Undetermined,Pending requirements review,Undetermined,Not reviewed,,,
393,Billing Webhook Security Validation,open,https://github.com/gameguild-gg/gameguild/issues/393,mathrmartins,mathrmartins,authored and assigned,back-end; billing,,2025-10-03T10:28:59Z,2026-09-27T06:59:02Z,,Untriaged,Pending issue review,Pending code review,Undetermined,Undetermined,Pending requirements review,Undetermined,Not reviewed,,,
394,Command/Query Handlers for Billing Operations,open,https://github.com/gameguild-gg/gameguild/issues/394,mathrmartins,mathrmartins,authored and assigned,back-end; billing,,2025-10-03T10:29:02Z,2026-09-27T06:59:01Z,,Untriaged,Pending issue review,Pending code review,Undetermined,Undetermined,Pending requirements review,Undetermined,Not reviewed,,,
395,Dynamic & Tiered Pricing Engine,open,https://github.com/gameguild-gg/gameguild/issues/395,mathrmartins,mathrmartins,authored and assigned,back-end; billing,,2025-10-03T10:29:04Z,2026-09-27T06:59:00Z,,Untriaged,Pending issue review,Pending code review,Undetermined,Undetermined,Pending requirements review,Undetermined,Not reviewed,,,
396,Event-Driven Billing Architecture,open,https://github.com/gameguild-gg/gameguild/issues/396,mathrmartins,mathrmartins,authored and assigned,back-end; billing,,2025-10-03T10:29:07Z,2026-09-27T06:58:59Z,,Untriaged,Pending issue review,Pending code review,Undetermined,Undetermined,Pending requirements review,Undetermined,Not reviewed,,,
397,Integration with External Billing Providers,open,https://github.com/gameguild-gg/gameguild/issues/397,mathrmartins,mathrmartins,authored and assigned,back-end; billing,,2025-10-03T10:29:09Z,2026-09-27T06:58:58Z,,Untriaged,Pending issue review,Pending code review,Undetermined,Undetermined,Pending requirements review,Undetermined,Not reviewed,,,
398,Multi-Gateway Payment Processing Integration,closed,https://github.com/gameguild-gg/gameguild/issues/398,mathrmartins,mathrmartins,authored and assigned,Stale; back-end; billing,,2025-10-03T10:29:12Z,2026-09-25T17:20:47Z,2026-03-06T03:53:16Z,Untriaged,Pending issue review,Pending code review,Undetermined,Undetermined,Pending requirements review,Undetermined,Not reviewed,,,
399,Payment Method Management Integration,closed,https://github.com/gameguild-gg/gameguild/issues/399,mathrmartins,mathrmartins,authored and assigned,Stale; back-end; billing,,2025-10-03T10:29:17Z,2026-09-25T17:20:48Z,2026-03-05T03:54:47Z,Untriaged,Pending issue review,Pending code review,Undetermined,Undetermined,Pending requirements review,Undetermined,Not reviewed,,,
400,Pricing Calculation & Applied Discounts Ledger,open,https://github.com/gameguild-gg/gameguild/issues/400,mathrmartins,mathrmartins,authored and assigned,back-end; billing,,2025-10-03T10:29:19Z,2026-09-27T06:58:57Z,,Untriaged,Pending issue review,Pending code review,Undetermined,Undetermined,Pending requirements review,Undetermined,Not reviewed,,,
401,Product Catalog & Bundling Management,open,https://github.com/gameguild-gg/gameguild/issues/401,mathrmartins,mathrmartins,authored and assigned,back-end; billing,,2025-10-03T10:29:22Z,2026-09-27T06:58:56Z,,Untriaged,Pending issue review,Pending code review,Undetermined,Undetermined,Pending requirements review,Undetermined,Not reviewed,,,
402,"Promo Code Management (Types, Validation, Stacking)",closed,https://github.com/gameguild-gg/gameguild/issues/402,mathrmartins,mathrmartins,authored and assigned,Stale; back-end; billing,,2025-10-03T10:29:25Z,2026-09-25T17:20:50Z,2026-03-05T03:54:41Z,Untriaged,Pending issue review,Pending code review,Undetermined,Undetermined,Pending requirements review,Undetermined,Not reviewed,,,
403,Refund & Retry Workflows,open,https://github.com/gameguild-gg/gameguild/issues/403,mathrmartins,mathrmartins,authored and assigned,back-end; billing,,2025-10-03T10:29:28Z,2026-09-27T06:58:55Z,,Untriaged,Pending issue review,Pending code review,Undetermined,Undetermined,Pending requirements review,Undetermined,Not reviewed,,,
404,Revenue Event Auditing,open,https://github.com/gameguild-gg/gameguild/issues/404,mathrmartins,mathrmartins,authored and assigned,back-end; billing,,2025-10-03T10:29:30Z,2026-09-27T06:58:54Z,,Untriaged,Pending issue review,Pending code review,Undetermined,Undetermined,Pending requirements review,Undetermined,Not reviewed,,,
405,Subscription Lifecycle Management & Billing Integration,open,https://github.com/gameguild-gg/gameguild/issues/405,mathrmartins,mathrmartins,authored and assigned,back-end; billing,,2025-10-03T10:29:33Z,2026-09-27T06:58:53Z,,Untriaged,Pending issue review,Pending code review,Undetermined,Undetermined,Pending requirements review,Undetermined,Not reviewed,,,
406,Wallet & Balance Tracking System,open,https://github.com/gameguild-gg/gameguild/issues/406,mathrmartins,mathrmartins,authored and assigned,back-end; billing,,2025-10-03T10:29:35Z,2026-09-26T06:31:30Z,,Untriaged,Pending issue review,Pending code review,Undetermined,Undetermined,Pending requirements review,Undetermined,Not reviewed,,,
407,Webhook Processing for Billing Events,closed,https://github.com/gameguild-gg/gameguild/issues/407,mathrmartins,mathrmartins,authored and assigned,Stale; back-end; billing,,2025-10-03T10:29:38Z,2026-09-25T17:16:56Z,2026-01-04T03:27:36Z,Untriaged,Pending issue review,Pending code review,Undetermined,Undetermined,Pending requirements review,Undetermined,Not reviewed,,,
408,Billing Webhook Processing & Event Handling,open,https://github.com/gameguild-gg/gameguild/issues/408,mathrmartins,mathrmartins,authored and assigned,back-end; billing-subscriptions-payments,,2025-10-03T10:29:41Z,2026-09-26T06:31:29Z,,Untriaged,Pending issue review,Pending code review,Undetermined,Undetermined,Pending requirements review,Undetermined,Not reviewed,,,
409,[FEATURE] Fraud Detection & Risk Scoring,open,https://github.com/gameguild-gg/gameguild/issues/409,mathrmartins,mathrmartins,authored and assigned,back-end; billing-subscriptions-payments,,2025-10-03T10:29:46Z,2026-09-26T17:33:33Z,,Untriaged,Pending issue review,Pending code review,Undetermined,Undetermined,Pending requirements review,Undetermined,Not reviewed,,,
410,[FEATURE] Gifting & Referral Reward Credit System,open,https://github.com/gameguild-gg/gameguild/issues/410,mathrmartins,mathrmartins,authored and assigned,back-end; billing-subscriptions-payments,,2025-10-03T10:29:49Z,2026-09-26T18:08:02Z,,Untriaged,Pending issue review,Pending code review,Undetermined,Undetermined,Pending requirements review,Undetermined,Not reviewed,,,
411,Invoice Generation and Management,open,https://github.com/gameguild-gg/gameguild/issues/411,mathrmartins,mathrmartins,authored and assigned,back-end; billing-subscriptions-payments,,2025-10-03T10:29:52Z,2026-09-26T06:31:28Z,,Untriaged,Pending issue review,Pending code review,Undetermined,Undetermined,Pending requirements review,Undetermined,Not reviewed,,,
412,[FEATURE] Multi-Currency Pricing & FX Rate Synchronization,open,https://github.com/gameguild-gg/gameguild/issues/412,mathrmartins,mathrmartins,authored and assigned,back-end; billing-subscriptions-payments,,2025-10-03T10:29:54Z,2026-09-26T15:19:48Z,,Untriaged,Pending issue review,Pending code review,Undetermined,Undetermined,Pending requirements review,Undetermined,Not reviewed,,,
413,Multi-Gateway Payment Processing,open,https://github.com/gameguild-gg/gameguild/issues/413,mathrmartins,mathrmartins,authored and assigned,back-end; billing-subscriptions-payments,,2025-10-03T10:29:57Z,2026-09-26T06:31:27Z,,Untriaged,Pending issue review,Pending code review,Undetermined,Undetermined,Pending requirements review,Undetermined,Not reviewed,,,
414,Payment Method Management,open,https://github.com/gameguild-gg/gameguild/issues/414,mathrmartins,mathrmartins,authored and assigned,back-end; billing-subscriptions-payments,,2025-10-03T10:30:00Z,2026-09-26T06:31:26Z,,Untriaged,Pending issue review,Pending code review,Undetermined,Undetermined,Pending requirements review,Undetermined,Not reviewed,,,
415,Payment Processing with Retry Queue,open,https://github.com/gameguild-gg/gameguild/issues/415,mathrmartins,mathrmartins,authored and assigned,back-end; billing-subscriptions-payments,,2025-10-03T10:30:02Z,2026-09-26T06:31:25Z,,Untriaged,Pending issue review,Pending code review,Undetermined,Undetermined,Pending requirements review,Undetermined,Not reviewed,,,
416,Plan Management CRUD Operations,open,https://github.com/gameguild-gg/gameguild/issues/416,mathrmartins,mathrmartins,authored and assigned,back-end; billing-subscriptions-payments,,2025-10-03T10:30:05Z,2026-09-26T06:31:24Z,,Untriaged,Pending issue review,Pending code review,Undetermined,Undetermined,Pending requirements review,Undetermined,Not reviewed,,,
417,[FEATURE] Pricing Calculation Engine & Applied Discounts,open,https://github.com/gameguild-gg/gameguild/issues/417,mathrmartins,mathrmartins,authored and assigned,back-end; billing-subscriptions-payments,,2025-10-03T10:30:08Z,2026-09-26T06:31:23Z,,Untriaged,Pending issue review,Pending code review,Undetermined,Undetermined,Pending requirements review,Undetermined,Not reviewed,,,
418,Promo Code & Discount Engine,open,https://github.com/gameguild-gg/gameguild/issues/418,mathrmartins,mathrmartins,authored and assigned,back-end; billing-subscriptions-payments,,2025-10-03T10:30:11Z,2026-09-26T06:31:23Z,,Untriaged,Pending issue review,Pending code review,Undetermined,Undetermined,Pending requirements review,Undetermined,Not reviewed,,,
419,Refund & Dispute Management,open,https://github.com/gameguild-gg/gameguild/issues/419,mathrmartins,mathrmartins,authored and assigned,back-end; billing-subscriptions-payments,,2025-10-03T10:30:16Z,2026-09-26T06:31:22Z,,Untriaged,Pending issue review,Pending code review,Undetermined,Undetermined,Pending requirements review,Undetermined,Not reviewed,,,
